1,17,21,2,1
1,18,21,2,1
1,23,21,2,1
1,24,21,2,1
1,27,21,2,1
1,28,21,2,1
0,17,22,6,1
0,18,22,6,1
1,19,21,7,1
1,20,21,7,1
1,21,21,7,1
1,22,21,7,1
0,23,22,6,1
0,24,22,6,1
0,17,23,3,1
0,18,23,3,1
0,23,23,3,1
0,24,23,3,1
0,27,23,3,1
0,28,23,3,1
0,35,23,3,1
0,14,21,7,1
0,15,21,7,1
0,16,21,7,1
0,27,22,6,1
0,28,22,6,1
0,44,23,3,1
0,45,23,3,1
0,51,23,3,1
0,52,23,3,1
0,56,23,3,1
0,60,23,3,1
0,64,23,3,1
0,65,23,3,1
0,35,22,6,1
1,44,21,2,1
1,45,21,2,1
0,44,22,6,1
0,45,22,6,1
1,51,21,2,1
0,51,22,6,1
0,52,22,6,1
1,52,21,2,1
1,56,21,2,1
0,56,22,6,1
1,57,21,7,1
1,58,21,7,1
1,59,21,7,1
1,60,21,2,1
1,61,21,7,1
1,64,21,2,1
1,65,21,2,1
0,60,22,6,1
0,64,22,6,1
0,65,22,6,1
1,53,21,7,1
1,54,21,7,1
1,55,21,7,1
1,42,21,7,1
1,43,21,7,1
1,37,21,7,1
1,38,21,7,1
1,46,21,7,1
1,50,21,7,1
1,34,21,7,1
1,30,21,7,1
1,29,21,7,1
1,25,21,7,1
1,26,21,7,1
5,68,19,4,1
5,69,19,4,1
4,68,20,4,1
4,68,21,4,1
2,69,20,4,1
2,69,21,4,1
5,72,21,4,1
5,74,18,4,1
5,75,21,4,1
5,78,18,4,1
5,78,19,4,1
5,78,20,4,1
5,78,21,4,1
5,74,19,4,1
5,74,20,4,1
5,74,21,4,1
5,82,20,4,1
5,82,21,4,1
5,85,18,4,1
5,85,20,4,1
5,85,21,4,1
5,89,20,4,1
5,89,21,4,1
5,92,20,4,1
5,92,21,4,1
5,95,20,4,1
5,95,21,4,1
5,98,20,4,1
5,98,21,4,1
5,101,20,4,1
5,101,21,4,1
5,104,20,4,1
5,104,21,4,1
5,108,20,4,1
5,108,21,4,1
5,111,20,4,1
5,114,19,4,1
5,115,16,4,1
5,119,20,4,1
5,121,18,4,1
4,141,10,5,1
4,141,11,5,1
4,141,12,5,1
4,141,13,5,1
4,141,14,5,1
4,141,15,5,1
4,141,16,5,1
4,141,17,5,1
4,141,18,5,1
4,141,19,5,1
4,141,20,5,1
8,140,23,0,1
8,140,24,0,1
8,140,25,0,1
8,140,26,0,1
0,142,22,5,1
0,142,23,5,1
0,142,24,5,1
0,142,25,5,1
0,142,26,5,1
0,143,22,5,1
0,143,23,5,1
0,143,24,5,1
0,143,25,5,1
0,143,26,5,1
0,144,22,5,1
0,144,23,5,1
0,144,24,5,1
0,144,25,5,1
0,144,26,5,1
0,145,22,5,1
0,145,23,5,1
0,145,24,5,1
0,145,25,5,1
0,145,26,5,1
0,146,22,5,1
0,146,23,5,1
0,146,24,5,1
0,146,25,5,1
0,146,26,5,1
0,147,22,5,1
0,147,23,5,1
0,147,24,5,1
0,147,25,5,1
0,147,26,5,1
0,148,22,5,1
0,148,23,5,1
0,148,24,5,1
0,148,25,5,1
0,148,26,5,1
0,142,10,5,1
0,142,11,5,1
0,142,12,5,1
0,142,13,5,1
0,142,14,5,1
0,142,15,5,1
0,142,16,5,1
0,142,17,5,1
0,142,18,5,1
0,142,19,5,1
0,142,20,5,1
0,142,21,5,1
0,143,10,5,1
0,143,11,5,1
0,143,12,5,1
0,143,13,5,1
0,143,14,5,1
0,143,15,5,1
0,143,16,5,1
0,143,17,5,1
0,143,18,5,1
0,143,19,5,1
0,143,20,5,1
0,143,21,5,1
0,144,10,5,1
0,144,11,5,1
0,144,12,5,1
0,144,13,5,1
0,144,14,5,1
0,144,15,5,1
0,144,16,5,1
0,144,17,5,1
0,144,18,5,1
0,144,19,5,1
0,144,20,5,1
0,144,21,5,1
0,145,10,5,1
0,145,11,5,1
0,145,12,5,1
0,145,13,5,1
0,145,14,5,1
0,145,15,5,1
0,145,16,5,1
0,145,17,5,1
0,145,18,5,1
0,145,19,5,1
0,145,20,5,1
0,145,21,5,1
0,146,10,5,1
0,146,11,5,1
0,146,12,5,1
0,146,13,5,1
0,146,14,5,1
0,146,15,5,1
0,146,16,5,1
0,146,17,5,1
0,146,18,5,1
0,146,19,5,1
0,146,20,5,1
0,146,21,5,1
0,147,10,5,1
0,147,11,5,1
0,147,12,5,1
0,147,13,5,1
0,147,14,5,1
0,147,15,5,1
0,147,16,5,1
0,147,17,5,1
0,147,18,5,1
0,147,19,5,1
0,147,20,5,1
0,147,21,5,1
0,148,10,5,1
0,148,11,5,1
0,148,12,5,1
0,148,13,5,1
0,148,14,5,1
0,148,15,5,1
0,148,16,5,1
0,148,17,5,1
0,148,18,5,1
0,148,19,5,1
0,148,20,5,1
0,148,21,5,1
4,141,21,5,1
4,141,22,5,1
4,141,23,5,1
4,141,24,5,1
4,141,25,5,1
4,141,26,5,1
0,14,23,10,1
0,15,23,10,1
0,16,23,10,1
0,19,23,10,1
0,20,23,10,1
0,21,23,10,1
0,22,23,10,1
0,25,23,10,1
0,26,23,10,1
0,46,23,10,1
0,50,23,10,1
0,53,23,10,1
0,54,23,10,1
0,55,23,10,1
0,57,23,10,1
0,58,23,10,1
0,59,23,10,1
0,61,23,10,1
0,68,23,10,1
0,69,23,10,1
0,72,23,10,1
0,73,23,10,1
0,74,23,10,1
0,75,23,10,1
0,78,23,10,1
0,79,23,10,1
0,82,23,10,1
0,85,23,10,1
0,89,23,10,1
0,92,23,10,1
0,95,23,10,1
0,98,23,10,1
0,101,23,10,1
0,104,23,10,1
0,108,23,10,1
10,19,22,0,1
10,20,22,0,1
10,21,22,0,1
10,22,22,0,1
10,15,22,0,1
10,16,22,0,1
10,25,22,0,1
10,26,22,0,1
10,29,22,0,1
10,30,22,0,1
10,31,22,0,1
10,32,22,0,1
10,33,22,0,1
10,36,22,0,1
10,37,22,0,1
10,38,22,0,1
10,39,22,0,1
10,40,22,0,1
10,41,22,0,1
10,42,22,0,1
10,43,22,0,1
10,46,22,0,1
10,47,22,0,1
10,48,22,0,1
10,49,22,0,1
10,50,22,0,1
10,53,22,0,1
10,54,22,0,1
10,55,22,0,1
10,57,22,0,1
10,58,22,0,1
10,59,22,0,1
10,61,22,0,1
10,63,22,0,1
10,66,22,0,1
10,67,22,0,1
10,68,22,0,1
10,69,22,0,1
10,70,22,0,1
10,71,22,0,1
10,72,22,0,1
10,73,22,0,1
10,74,22,0,1
10,75,22,0,1
10,76,22,0,1
10,77,22,0,1
10,78,22,0,1
10,79,22,0,1
10,80,22,0,1
10,81,22,0,1
10,82,22,0,1
10,83,22,0,1
10,84,22,0,1
10,85,22,0,1
10,86,22,0,1
10,87,22,0,1
10,88,22,0,1
10,89,22,0,1
10,90,22,0,1
10,91,22,0,1
10,92,22,0,1
10,93,22,0,1
10,94,22,0,1
10,95,22,0,1
10,96,22,0,1
10,97,22,0,1
10,98,22,0,1
10,99,22,0,1
10,100,22,0,1
10,101,22,0,1
10,102,22,0,1
10,103,22,0,1
10,104,22,0,1
10,105,22,0,1
10,106,22,0,1
10,107,22,0,1
10,108,22,0,1
12,109,22,0,1
11,109,23,0,1
11,109,24,0,1
11,109,25,0,1
1,35,21,2,1
1,36,21,7,1
2,139,23,5,1
2,139,24,5,1
2,139,25,5,1
2,139,26,5,1
0,15,20,9,1
2,16,20,9,1
0,15,8,5,1
0,15,9,5,1
0,15,10,5,1
0,15,11,5,1
0,15,12,5,1
0,15,13,5,1
0,15,14,5,1
0,15,15,5,1
0,15,16,5,1
0,15,17,5,1
0,15,18,5,1
0,15,19,5,1
2,16,8,5,1
2,16,9,5,1
2,16,10,5,1
2,16,11,5,1
2,16,12,5,1
2,16,13,5,1
2,16,14,5,1
2,16,15,5,1
2,16,16,5,1
2,16,17,5,1
2,16,18,5,1
2,16,19,5,1
0,61,17,29,1
0,57,15,29,1
0,71,16,29,1
0,67,14,29,1
0,76,19,29,1
0,81,14,29,1
0,87,14,29,1
0,99,14,29,1
0,107,14,29,1
0,80,10,9,1
3,127,10,9,1
3,128,10,9,1
3,129,10,9,1
3,130,10,9,1
3,131,10,9,1
3,132,10,9,1
3,133,10,9,1
3,134,10,9,1
3,135,10,9,1
3,136,10,9,1
3,137,10,9,1
3,138,10,9,1
3,139,10,9,1
3,140,10,9,1
3,25,10,9,1
3,26,10,9,1
3,27,10,9,1
3,28,10,9,1
3,29,10,9,1
3,30,10,9,1
3,31,10,9,1
3,32,10,9,1
3,33,10,9,1
3,34,10,9,1
3,35,10,9,1
3,36,10,9,1
3,39,10,9,1
3,40,10,9,1
3,41,10,9,1
3,42,10,9,1
3,43,10,9,1
3,44,10,9,1
3,47,10,9,1
3,48,10,9,1
3,49,10,9,1
3,50,10,9,1
3,51,10,9,1
3,52,10,9,1
3,53,10,9,1
3,54,10,9,1
3,57,10,9,1
3,58,10,9,1
3,59,10,9,1
3,60,10,9,1
3,61,10,9,1
3,62,10,9,1
3,63,10,9,1
3,64,10,9,1
3,65,10,9,1
3,66,10,9,1
3,67,10,9,1
3,68,10,9,1
3,69,10,9,1
3,70,10,9,1
3,71,10,9,1
3,72,10,9,1
3,73,10,9,1
3,74,10,9,1
3,75,10,9,1
3,76,10,9,1
3,77,10,9,1
3,78,10,9,1
3,79,10,9,1
3,81,10,9,1
3,82,10,9,1
3,83,10,9,1
3,84,10,9,1
3,85,10,9,1
3,86,10,9,1
3,87,10,9,1
3,88,10,9,1
3,89,10,9,1
3,90,10,9,1
3,91,10,9,1
3,92,10,9,1
3,93,10,9,1
3,94,10,9,1
3,95,10,9,1
3,96,10,9,1
3,97,10,9,1
3,98,10,9,1
3,99,10,9,1
3,100,10,9,1
3,101,10,9,1
3,102,10,9,1
3,103,10,9,1
3,104,10,9,1
3,105,10,9,1
3,106,10,9,1
3,107,10,9,1
3,108,10,9,1
3,109,10,9,1
3,110,10,9,1
0,58,28,0,1
10,34,22,0,1
0,50,20,27,1
0,17,19,18,1
0,18,19,18,1
0,19,19,18,1
0,20,19,18,1
0,17,20,23,1
0,18,20,23,1
0,19,20,23,1
0,20,20,23,1
0,21,20,23,1
0,22,20,23,1
0,23,20,23,1
0,24,20,23,1
0,25,20,23,1
0,26,20,23,1
0,27,20,23,1
0,28,20,23,1
0,29,20,23,1
0,30,20,23,1
0,34,20,23,1
0,35,20,23,1
0,36,20,23,1
0,37,20,23,1
0,38,20,23,1
0,42,20,23,1
0,43,20,23,1
0,44,20,23,1
0,45,20,23,1
0,46,20,23,1
0,51,20,23,1
0,52,20,23,1
0,53,20,23,1
0,54,20,23,1
0,55,20,23,1
0,56,20,23,1
0,57,20,23,1
0,58,20,23,1
0,59,20,23,1
0,60,20,23,1
0,61,20,23,1
0,64,20,23,1
0,65,20,23,1
0,21,19,18,1
0,22,19,18,1
0,23,19,18,1
0,24,19,18,1
0,25,19,18,1
0,26,19,18,1
0,27,19,18,1
0,28,19,18,1
0,29,19,18,1
0,30,19,18,1
0,31,19,18,1
0,32,19,18,1
0,33,19,18,1
0,34,19,18,1
0,35,19,18,1
0,36,19,18,1
0,37,19,18,1
0,38,19,18,1
0,39,19,18,1
0,40,19,18,1
0,41,19,18,1
0,42,19,18,1
0,43,19,18,1
0,44,19,18,1
0,45,19,18,1
0,46,19,18,1
0,47,19,18,1
0,48,19,18,1
0,49,19,18,1
0,50,19,18,1
0,51,19,18,1
0,52,19,18,1
0,53,19,18,1
0,54,19,18,1
0,55,19,18,1
0,56,19,18,1
0,57,19,18,1
0,58,19,18,1
0,59,19,18,1
0,60,19,18,1
0,61,19,18,1
0,62,19,18,1
0,63,19,18,1
0,64,19,18,1
0,65,19,18,1
0,66,19,18,1
0,67,19,18,1
0,70,19,18,1
0,71,19,18,1
0,72,19,18,1
0,73,19,18,1
0,75,19,18,1
0,77,19,18,1
0,79,19,18,1
0,80,19,18,1
0,81,19,18,1
0,83,19,18,1
5,85,19,4,1
10,62,22,0,1
0,84,19,18,1
0,86,19,18,1
0,87,19,18,1
0,88,19,18,1
0,90,19,18,1
0,91,19,18,1
0,93,19,18,1
0,94,19,18,1
0,96,19,18,1
0,97,19,18,1
0,99,19,18,1
0,100,19,18,1
0,102,19,18,1
0,103,19,18,1
0,105,19,18,1
0,106,19,18,1
0,107,19,18,1
0,109,19,18,1
0,110,19,18,1
0,112,19,18,1
0,113,19,18,1
0,115,19,18,1
0,116,19,18,1
0,117,19,18,1
0,118,19,18,1
0,120,19,18,1
0,121,19,18,1
0,122,19,18,1
0,123,19,18,1
0,124,19,18,1
0,125,19,18,1
0,126,19,18,1
0,131,19,18,1
0,132,19,18,1
0,82,19,19,1
0,89,19,19,1
0,92,19,19,1
0,95,19,19,1
0,98,19,19,1
0,101,19,19,1
0,104,19,19,1
0,108,19,19,1
0,111,19,19,1
0,119,19,19,1
0,33,11,25,1
0,34,11,25,1
0,35,11,25,1
0,36,11,25,1
0,17,11,25,1
0,37,11,25,1
0,38,11,25,1
0,39,11,25,1
0,40,11,25,1
0,41,11,25,1
0,42,11,25,1
0,43,11,25,1
0,44,11,25,1
0,45,11,25,1
0,46,11,25,1
0,47,11,25,1
0,48,11,25,1
0,49,11,25,1
0,50,11,25,1
0,51,11,25,1
0,52,11,25,1
0,53,11,25,1
0,54,11,25,1
0,55,11,25,1
0,56,11,25,1
0,57,11,25,1
0,58,11,25,1
0,59,11,25,1
0,60,11,25,1
0,61,11,25,1
0,62,11,25,1
0,63,11,25,1
0,64,11,25,1
0,65,11,25,1
0,66,11,25,1
0,67,11,25,1
0,68,11,25,1
0,69,11,25,1
0,70,11,25,1
0,71,11,25,1
0,72,11,25,1
0,73,11,25,1
0,74,11,25,1
0,75,11,25,1
0,76,11,25,1
0,77,11,25,1
0,78,11,25,1
0,79,11,25,1
0,80,11,25,1
0,81,11,25,1
0,82,11,25,1
0,83,11,25,1
0,84,11,25,1
0,85,11,25,1
0,86,11,25,1
0,87,11,25,1
0,88,11,25,1
0,89,11,25,1
0,90,11,25,1
0,91,11,25,1
0,92,11,25,1
0,93,11,25,1
0,94,11,25,1
0,95,11,25,1
0,96,11,25,1
0,97,11,25,1
0,98,11,25,1
0,99,11,25,1
0,100,11,25,1
0,101,11,25,1
0,102,11,25,1
0,103,11,25,1
0,104,11,25,1
0,105,11,25,1
0,106,11,25,1
0,107,11,25,1
0,108,11,25,1
0,109,11,25,1
0,110,11,25,1
0,111,11,25,1
0,112,11,25,1
0,113,11,25,1
0,114,11,25,1
0,115,11,25,1
0,116,11,25,1
0,117,11,25,1
0,118,11,25,1
0,119,11,25,1
0,120,11,25,1
0,121,11,25,1
0,122,11,25,1
0,123,11,25,1
0,124,11,25,1
0,125,11,25,1
0,126,11,25,1
0,127,11,25,1
0,128,11,25,1
0,129,11,25,1
0,130,11,25,1
0,131,11,25,1
0,132,11,25,1
0,133,11,25,1
0,134,11,25,1
0,135,11,25,1
0,136,11,25,1
0,137,11,25,1
0,138,11,25,1
0,139,11,25,1
0,140,11,25,1
0,18,11,25,1
0,19,11,25,1
0,20,11,25,1
0,21,11,25,1
0,22,11,25,1
0,23,11,25,1
0,24,11,25,1
0,25,11,25,1
0,26,11,25,1
0,27,11,25,1
0,28,11,25,1
0,29,11,25,1
0,30,11,25,1
0,31,11,25,1
0,32,11,25,1
0,37,10,24,1
0,38,10,24,1
0,45,10,24,1
0,46,10,24,1
0,17,10,24,1
0,18,10,24,1
0,19,10,24,1
0,20,10,24,1
0,21,10,24,1
0,22,10,24,1
0,23,10,24,1
0,24,10,24,1
0,55,10,24,1
0,56,10,24,1
0,111,10,24,1
0,112,10,24,1
0,113,10,24,1
0,114,10,24,1
0,115,10,24,1
0,116,10,24,1
0,117,10,24,1
0,118,10,24,1
0,119,10,24,1
0,120,10,24,1
0,121,10,24,1
0,122,10,24,1
0,123,10,24,1
0,124,10,24,1
0,125,10,24,1
0,126,10,24,1
0,17,9,0,1
0,18,9,0,1
0,19,9,0,1
0,20,9,0,1
0,21,9,0,1
0,22,9,0,1
0,23,9,0,1
0,24,9,0,1
0,37,9,0,1
0,38,9,0,1
0,45,9,0,1
0,46,9,0,1
0,55,9,0,1
0,56,9,0,1
0,111,9,0,1
0,112,9,0,1
0,113,9,0,1
0,114,9,0,1
0,115,9,0,1
0,116,9,0,1
0,117,9,0,1
0,118,9,0,1
0,119,9,0,1
0,120,9,0,1
0,121,9,0,1
0,122,9,0,1
0,123,9,0,1
0,124,9,0,1
0,125,9,0,1
0,126,9,0,1
0,31,20,22,1
0,31,21,22,1
0,32,20,22,1
0,32,21,22,1
0,33,20,22,1
0,33,21,22,1
0,39,20,22,1
0,39,21,22,1
0,40,20,22,1
0,40,21,22,1
0,41,20,22,1
0,41,21,22,1
0,47,20,22,1
0,47,21,22,1
0,48,20,22,1
0,48,21,22,1
0,49,20,22,1
0,49,21,22,1
0,62,20,22,1
0,62,21,22,1
0,63,20,22,1
0,63,21,22,1
0,66,20,22,1
0,66,21,22,1
0,67,20,22,1
0,67,21,22,1
0,70,20,22,1
0,70,21,22,1
0,71,20,22,1
0,71,21,22,1
0,72,20,22,1
0,73,20,22,1
0,73,21,22,1
0,75,20,22,1
0,76,20,22,1
0,77,20,22,1
0,76,21,22,1
0,77,21,22,1
0,79,20,22,1
0,79,21,22,1
0,80,20,22,1
0,80,21,22,1
0,81,20,22,1
0,81,21,22,1
0,83,20,22,1
0,83,21,22,1
0,84,20,22,1
0,84,21,22,1
0,86,20,22,1
0,86,21,22,1
0,87,20,22,1
0,87,21,22,1
0,88,20,22,1
0,88,21,22,1
0,90,20,22,1
0,90,21,22,1
0,91,20,22,1
0,91,21,22,1
0,93,20,22,1
0,93,21,22,1
0,94,20,22,1
0,94,21,22,1
0,96,20,22,1
0,96,21,22,1
0,97,20,22,1
0,97,21,22,1
0,99,20,22,1
0,99,21,22,1
0,100,20,22,1
0,100,21,22,1
0,102,20,22,1
0,102,21,22,1
0,103,20,22,1
0,103,21,22,1
0,105,20,22,1
0,105,21,22,1
0,106,20,22,1
0,106,21,22,1
0,107,20,22,1
0,107,21,22,1
0,109,20,22,1
0,110,20,22,1
0,110,22,11,1
0,111,22,11,1
0,112,22,11,1
0,113,22,11,1
0,114,22,11,1
0,115,22,11,1
0,116,22,11,1
0,117,22,11,1
0,118,22,11,1
0,119,22,11,1
0,120,22,11,1
0,121,22,11,1
0,122,22,11,1
0,123,22,11,1
0,124,22,11,1
0,110,23,0,1
0,110,24,0,1
0,110,25,0,1
0,111,23,0,1
0,111,24,0,1
0,111,25,0,1
0,112,23,0,1
0,112,24,0,1
0,112,25,0,1
0,113,23,0,1
0,113,24,0,1
0,113,25,0,1
0,114,23,0,1
0,114,24,0,1
0,114,25,0,1
0,115,23,0,1
0,115,24,0,1
0,115,25,0,1
0,116,23,0,1
0,116,24,0,1
0,116,25,0,1
0,117,23,0,1
0,117,24,0,1
0,117,25,0,1
0,118,23,0,1
0,118,24,0,1
0,118,25,0,1
0,119,23,0,1
0,119,24,0,1
0,119,25,0,1
0,120,23,0,1
0,120,24,0,1
0,120,25,0,1
0,121,23,0,1
0,121,24,0,1
0,121,25,0,1
0,122,23,0,1
0,122,24,0,1
0,122,25,0,1
0,123,23,0,1
0,123,24,0,1
0,123,25,0,1
0,124,23,0,1
0,124,24,0,1
0,124,25,0,1
0,125,23,0,1
0,125,24,0,1
0,125,25,0,1
0,126,23,0,1
0,126,24,0,1
0,126,25,0,1
0,127,23,0,1
0,127,24,0,1
0,127,25,0,1
0,128,23,0,1
0,128,24,0,1
0,128,25,0,1
0,129,23,0,1
0,129,24,0,1
0,129,25,0,1
0,130,23,0,1
0,130,24,0,1
0,130,25,0,1
0,131,23,0,1
0,131,24,0,1
0,131,25,0,1
0,132,23,0,1
0,132,24,0,1
0,132,25,0,1
0,133,23,0,1
0,133,24,0,1
0,133,25,0,1
0,134,23,0,1
0,134,24,0,1
0,134,25,0,1
0,135,23,0,1
0,135,24,0,1
0,135,25,0,1
0,136,23,0,1
0,136,24,0,1
0,136,25,0,1
0,137,23,0,1
0,137,24,0,1
0,137,25,0,1
0,138,23,0,1
0,138,24,0,1
0,138,25,0,1
0,17,12,12,1
0,18,12,12,1
0,19,12,12,1
0,20,12,12,1
0,21,12,12,1
0,22,12,12,1
0,23,12,12,1
0,24,12,12,1
0,25,12,12,1
0,26,12,12,1
0,27,12,12,1
0,28,12,12,1
0,29,12,12,1
0,30,12,12,1
0,31,12,12,1
0,32,12,12,1
0,33,12,12,1
0,34,12,12,1
0,35,12,12,1
0,36,12,12,1
0,37,12,12,1
0,38,12,12,1
0,39,12,12,1
0,40,12,12,1
0,41,12,12,1
0,42,12,12,1
0,43,12,12,1
0,44,12,12,1
0,45,12,12,1
0,46,12,12,1
0,47,12,12,1
0,48,12,12,1
0,49,12,12,1
0,50,12,12,1
0,51,12,12,1
0,52,12,12,1
0,53,12,12,1
0,54,12,12,1
0,55,12,12,1
0,56,12,12,1
0,57,12,12,1
0,58,12,12,1
0,59,12,12,1
0,60,12,12,1
0,61,12,12,1
0,62,12,12,1
0,63,12,12,1
0,64,12,12,1
0,65,12,12,1
0,66,12,12,1
0,67,12,12,1
0,68,12,12,1
0,69,12,12,1
0,70,12,12,1
0,71,12,12,1
0,72,12,12,1
0,73,12,12,1
0,74,12,12,1
0,75,12,12,1
0,76,12,12,1
0,77,12,12,1
0,78,12,12,1
0,79,12,12,1
0,80,12,12,1
0,81,12,12,1
0,82,12,12,1
0,83,12,12,1
0,84,12,12,1
0,85,12,12,1
0,86,12,12,1
0,87,12,12,1
0,88,12,12,1
0,89,12,12,1
0,90,12,12,1
0,91,12,12,1
0,92,12,12,1
0,93,12,12,1
0,94,12,12,1
0,95,12,12,1
0,96,12,12,1
0,97,12,12,1
0,98,12,12,1
0,99,12,12,1
0,100,12,12,1
0,101,12,12,1
0,102,12,12,1
0,103,12,12,1
0,104,12,12,1
0,105,12,12,1
0,106,12,12,1
0,107,12,12,1
0,108,12,12,1
0,109,12,12,1
0,110,12,12,1
0,111,12,12,1
0,112,12,12,1
0,113,12,12,1
0,114,12,12,1
0,115,12,12,1
0,116,12,12,1
0,117,12,12,1
0,118,12,12,1
0,119,12,12,1
0,120,12,12,1
0,121,12,12,1
0,122,12,12,1
0,123,12,12,1
0,124,12,12,1
0,125,12,12,1
0,126,12,12,1
0,127,12,12,1
0,128,12,12,1
0,129,12,12,1
0,130,12,12,1
0,131,12,12,1
0,132,12,12,1
0,133,12,12,1
0,134,12,12,1
0,135,12,12,1
0,136,12,12,1
0,137,12,12,1
0,138,12,12,1
0,139,12,12,1
0,140,12,12,1
0,6,8,5,1
0,6,9,5,1
0,6,10,5,1
0,6,11,5,1
0,6,12,5,1
0,6,13,5,1
0,6,14,5,1
0,6,15,5,1
0,6,16,5,1
0,6,17,5,1
0,6,18,5,1
0,6,19,5,1
0,7,8,5,1
0,7,9,5,1
0,7,10,5,1
0,7,11,5,1
0,7,12,5,1
0,7,13,5,1
0,7,14,5,1
0,7,15,5,1
0,7,16,5,1
0,7,17,5,1
0,7,18,5,1
0,7,19,5,1
0,8,8,5,1
0,8,9,5,1
0,8,10,5,1
0,8,11,5,1
0,8,12,5,1
0,8,13,5,1
0,8,14,5,1
0,8,15,5,1
0,8,16,5,1
0,8,17,5,1
0,8,18,5,1
0,8,19,5,1
0,9,8,5,1
0,9,9,5,1
0,9,10,5,1
0,9,11,5,1
0,9,12,5,1
0,9,13,5,1
0,9,14,5,1
0,9,15,5,1
0,9,16,5,1
0,9,17,5,1
0,9,18,5,1
0,9,19,5,1
0,10,8,5,1
0,10,9,5,1
0,10,10,5,1
0,10,11,5,1
0,10,12,5,1
0,10,13,5,1
0,10,14,5,1
0,10,15,5,1
0,10,16,5,1
0,10,17,5,1
0,10,18,5,1
0,10,19,5,1
0,11,8,5,1
0,11,9,5,1
0,11,10,5,1
0,11,11,5,1
0,11,12,5,1
0,11,13,5,1
0,11,14,5,1
0,11,15,5,1
0,11,16,5,1
0,11,17,5,1
0,11,18,5,1
0,11,19,5,1
0,12,8,5,1
0,12,9,5,1
0,12,10,5,1
0,12,11,5,1
0,12,12,5,1
0,12,13,5,1
0,12,14,5,1
0,12,15,5,1
0,12,16,5,1
0,12,17,5,1
0,12,18,5,1
0,12,19,5,1
0,13,8,5,1
0,13,9,5,1
0,13,10,5,1
0,13,11,5,1
0,13,12,5,1
0,13,13,5,1
0,13,14,5,1
0,13,15,5,1
0,13,16,5,1
0,13,17,5,1
0,13,18,5,1
0,13,19,5,1
0,14,8,5,1
0,14,9,5,1
0,14,10,5,1
0,14,11,5,1
0,14,12,5,1
0,14,13,5,1
0,14,14,5,1
0,14,15,5,1
0,14,16,5,1
0,14,17,5,1
0,14,18,5,1
0,14,19,5,1
0,6,20,9,1
0,7,20,9,1
0,8,20,9,1
0,9,20,9,1
0,10,20,9,1
0,11,20,9,1
0,12,20,9,1
0,13,20,9,1
0,14,20,9,1
0,6,21,7,1
0,7,21,7,1
0,8,21,7,1
0,9,21,7,1
0,10,21,7,1
0,11,21,7,1
0,12,21,7,1
0,13,21,7,1
0,6,23,10,1
0,7,23,10,1
0,8,23,10,1
0,9,23,10,1
0,10,23,10,1
0,11,23,10,1
0,12,23,10,1
0,13,23,10,1
10,6,22,0,1
10,7,22,0,1
10,8,22,0,1
10,9,22,0,1
10,10,22,0,1
10,11,22,0,1
10,12,22,0,1
10,13,22,0,1
10,14,22,0,1
1,29,23,10,1
1,30,23,10,1
1,31,23,10,1
1,32,23,10,1
1,33,23,10,1
1,34,23,10,1
1,36,23,10,1
1,37,23,10,1
1,38,23,10,1
1,39,23,10,1
1,40,23,10,1
1,41,23,10,1
1,42,23,10,1
1,43,23,10,1
1,47,23,10,1
1,48,23,10,1
1,49,23,10,1
1,62,23,10,1
1,63,23,10,1
1,66,23,10,1
1,67,23,10,1
1,70,23,10,1
1,71,23,10,1
1,76,23,10,1
1,77,23,10,1
1,80,23,10,1
1,81,23,10,1
1,83,23,10,1
1,84,23,10,1
1,86,23,10,1
1,87,23,10,1
1,88,23,10,1
1,90,23,10,1
1,91,23,10,1
1,94,23,10,1
1,93,23,10,1
1,96,23,10,1
1,97,23,10,1
1,99,23,10,1
1,100,23,10,1
1,102,23,10,1
1,103,23,10,1
1,105,23,10,1
1,106,23,10,1
1,107,23,10,1
0,25,8,5,1
0,25,9,5,1
0,26,8,5,1
0,26,9,5,1
0,27,8,5,1
0,27,9,5,1
0,28,8,5,1
0,28,9,5,1
0,29,8,5,1
0,29,9,5,1
0,30,8,5,1
0,30,9,5,1
0,31,8,5,1
0,31,9,5,1
0,32,8,5,1
0,32,9,5,1
0,33,8,5,1
0,33,9,5,1
0,34,8,5,1
0,34,9,5,1
0,35,8,5,1
0,35,9,5,1
0,36,8,5,1
0,36,9,5,1
0,39,8,5,1
0,39,9,5,1
0,40,8,5,1
0,40,9,5,1
0,41,8,5,1
0,41,9,5,1
0,42,8,5,1
0,42,9,5,1
0,43,8,5,1
0,43,9,5,1
0,44,8,5,1
0,44,9,5,1
0,47,8,5,1
0,47,9,5,1
0,48,8,5,1
0,48,9,5,1
0,49,8,5,1
0,49,9,5,1
0,50,8,5,1
0,50,9,5,1
0,51,8,5,1
0,51,9,5,1
0,52,8,5,1
0,52,9,5,1
0,53,8,5,1
0,53,9,5,1
0,54,8,5,1
0,54,9,5,1
0,57,8,5,1
0,57,9,5,1
0,58,8,5,1
0,58,9,5,1
0,59,8,5,1
0,59,9,5,1
0,60,8,5,1
0,60,9,5,1
0,61,8,5,1
0,61,9,5,1
0,62,8,5,1
0,62,9,5,1
0,63,8,5,1
0,63,9,5,1
0,64,8,5,1
0,64,9,5,1
0,65,8,5,1
0,65,9,5,1
0,66,8,5,1
0,66,9,5,1
0,67,8,5,1
0,67,9,5,1
0,68,8,5,1
0,68,9,5,1
0,69,8,5,1
0,69,9,5,1
0,70,8,5,1
0,70,9,5,1
0,71,8,5,1
0,71,9,5,1
0,72,8,5,1
0,72,9,5,1
0,73,8,5,1
0,73,9,5,1
0,74,8,5,1
0,74,9,5,1
0,75,8,5,1
0,75,9,5,1
0,76,8,5,1
0,76,9,5,1
0,77,8,5,1
0,77,9,5,1
0,78,8,5,1
0,78,9,5,1
0,79,8,5,1
0,79,9,5,1
0,80,8,5,1
0,80,9,5,1
0,81,8,5,1
0,81,9,5,1
0,82,8,5,1
0,82,9,5,1
0,83,8,5,1
0,83,9,5,1
0,84,8,5,1
0,84,9,5,1
0,85,8,5,1
0,85,9,5,1
0,86,8,5,1
0,86,9,5,1
0,87,8,5,1
0,87,9,5,1
0,88,8,5,1
0,88,9,5,1
0,89,8,5,1
0,89,9,5,1
0,90,8,5,1
0,90,9,5,1
0,91,8,5,1
0,91,9,5,1
0,92,8,5,1
0,92,9,5,1
0,93,8,5,1
0,93,9,5,1
0,94,8,5,1
0,94,9,5,1
0,95,8,5,1
0,95,9,5,1
0,96,8,5,1
0,96,9,5,1
0,97,8,5,1
0,97,9,5,1
0,98,8,5,1
0,98,9,5,1
0,99,8,5,1
0,99,9,5,1
0,100,8,5,1
0,100,9,5,1
0,101,8,5,1
0,101,9,5,1
0,102,8,5,1
0,102,9,5,1
0,103,8,5,1
0,103,9,5,1
0,104,8,5,1
0,104,9,5,1
0,105,8,5,1
0,105,9,5,1
0,106,8,5,1
0,106,9,5,1
0,107,8,5,1
0,107,9,5,1
0,108,8,5,1
0,108,9,5,1
0,109,8,5,1
0,109,9,5,1
0,110,8,5,1
0,110,9,5,1
0,127,8,5,1
0,127,9,5,1
0,128,8,5,1
0,128,9,5,1
0,129,8,5,1
0,129,9,5,1
0,130,8,5,1
0,130,9,5,1
0,131,8,5,1
0,131,9,5,1
0,132,8,5,1
0,132,9,5,1
0,133,8,5,1
0,133,9,5,1
0,134,8,5,1
0,134,9,5,1
0,135,8,5,1
0,135,9,5,1
0,136,8,5,1
0,136,9,5,1
0,137,8,5,1
0,137,9,5,1
0,138,8,5,1
0,138,9,5,1
0,139,8,5,1
0,139,9,5,1
0,140,8,5,1
0,140,9,5,1
0,141,8,5,1
0,141,9,5,1
0,142,8,5,1
0,142,9,5,1
0,143,8,5,1
0,143,9,5,1
0,144,8,5,1
0,144,9,5,1
0,145,8,5,1
0,145,9,5,1
0,146,8,5,1
0,146,9,5,1
0,147,8,5,1
0,147,9,5,1
0,148,8,5,1
0,148,9,5,1
0,149,8,5,1
0,149,9,5,1
0,149,10,5,1
0,149,11,5,1
0,149,12,5,1
0,149,13,5,1
0,149,14,5,1
0,149,15,5,1
0,149,16,5,1
0,149,17,5,1
0,149,18,5,1
0,149,19,5,1
0,149,20,5,1
0,149,21,5,1
0,149,22,5,1
0,149,23,5,1
0,149,24,5,1
0,149,25,5,1
0,149,26,5,1
0,150,8,5,1
0,150,9,5,1
0,150,10,5,1
0,150,11,5,1
0,150,12,5,1
0,150,13,5,1
0,150,14,5,1
0,150,15,5,1
0,150,16,5,1
0,150,17,5,1
0,150,18,5,1
0,150,19,5,1
0,150,20,5,1
0,150,21,5,1
0,150,22,5,1
0,150,23,5,1
0,150,24,5,1
0,150,25,5,1
0,150,26,5,1
0,151,8,5,1
0,151,9,5,1
0,151,10,5,1
0,151,11,5,1
0,151,12,5,1
0,151,13,5,1
0,151,14,5,1
0,151,15,5,1
0,151,16,5,1
0,151,17,5,1
0,151,18,5,1
0,151,19,5,1
0,151,20,5,1
0,151,21,5,1
0,151,22,5,1
0,151,23,5,1
0,151,24,5,1
0,151,25,5,1
0,151,26,5,1
0,152,8,5,1
0,152,9,5,1
0,152,10,5,1
0,152,11,5,1
0,152,12,5,1
0,152,13,5,1
0,152,14,5,1
0,152,15,5,1
0,152,16,5,1
0,152,17,5,1
0,152,18,5,1
0,152,19,5,1
0,152,20,5,1
0,152,21,5,1
0,152,22,5,1
0,152,23,5,1
0,152,24,5,1
0,152,25,5,1
0,152,26,5,1
0,153,8,5,1
0,153,9,5,1
0,153,10,5,1
0,153,11,5,1
0,153,12,5,1
0,153,13,5,1
0,153,14,5,1
0,153,15,5,1
0,153,16,5,1
0,153,17,5,1
0,153,18,5,1
0,153,19,5,1
0,153,20,5,1
0,153,21,5,1
0,153,22,5,1
0,153,23,5,1
0,153,24,5,1
0,153,25,5,1
0,153,26,5,1
0,154,8,5,1
0,154,9,5,1
0,154,10,5,1
0,154,11,5,1
0,154,12,5,1
0,154,13,5,1
0,154,14,5,1
0,154,15,5,1
0,154,16,5,1
0,154,17,5,1
0,154,18,5,1
0,154,19,5,1
0,154,20,5,1
0,154,21,5,1
0,154,22,5,1
0,154,23,5,1
0,154,24,5,1
0,154,25,5,1
0,154,26,5,1
5,129,16,8,1
5,130,16,8,1
5,131,16,8,1
5,132,16,8,1
5,127,19,8,1
5,128,19,8,1
5,129,19,8,1
5,130,19,8,1
9,140,22,0,1
1,125,22,10,1
1,126,22,10,1
1,127,22,10,1
1,128,22,10,1
1,129,22,10,1
1,130,22,10,1
1,131,22,10,1
1,132,22,10,1
1,133,22,3,1
4,133,21,6,1
0,134,21,6,1
0,135,21,6,1
0,136,21,6,1
0,137,21,6,1
0,138,21,6,1
0,139,22,3,1
0,134,22,3,1
0,135,22,3,1
0,136,22,3,1
0,137,22,3,1
0,138,22,3,1
0,137,20,2,1
0,138,20,2,1
5,133,20,2,1
1,134,20,2,1
1,135,20,2,1
1,136,20,2,1
4,137,19,9,1
2,138,19,9,1
2,138,18,5,1
2,138,17,5,1
5,138,16,1,1
4,137,17,5,1
4,137,18,5,1
1,137,16,1,1
5,135,16,1,1
5,136,16,1,1
0,133,19,18,1
0,134,19,18,1
0,135,19,18,1
0,136,19,18,1
0,139,19,18,1
0,140,19,18,1
0,112,20,22,1
0,113,20,22,1
0,114,20,22,1
0,115,20,22,1
0,116,20,22,1
0,117,20,22,1
0,118,20,22,1
0,120,20,22,1
0,121,20,22,1
0,122,20,22,1
0,123,20,22,1
0,124,20,22,1
0,125,20,22,1
0,126,20,22,1
0,127,20,22,1
0,128,20,22,1
0,129,20,22,1
0,130,20,22,1
0,131,20,22,1
0,132,20,22,1
0,139,20,22,1
0,140,20,22,1
0,139,21,22,1
0,140,21,22,1
0,109,21,22,1
0,110,21,22,1
0,111,21,22,1
0,112,21,22,1
0,113,21,22,1
0,114,21,22,1
0,115,21,22,1
0,116,21,22,1
0,117,21,22,1
0,118,21,22,1
0,119,21,22,1
0,120,21,22,1
0,121,21,22,1
0,122,21,22,1
0,123,21,22,1
0,124,21,22,1
0,125,21,22,1
0,126,21,22,1
0,127,21,22,1
0,128,21,22,1
0,129,21,22,1
0,130,21,22,1
0,131,21,22,1
0,132,21,22,1
0,17,18,16,2
0,17,19,16,2
0,17,20,16,2
0,17,21,16,2
0,18,18,16,2
0,18,19,16,2
0,18,20,16,2
0,18,21,16,2
0,19,18,16,2
0,19,19,16,2
0,19,20,16,2
0,19,21,16,2
0,20,18,16,2
0,20,19,16,2
0,20,20,16,2
0,20,21,16,2
0,21,18,16,2
0,21,19,16,2
0,21,20,16,2
0,21,21,16,2
0,22,18,16,2
0,22,19,16,2
0,22,20,16,2
0,22,21,16,2
0,23,18,16,2
0,23,19,16,2
0,23,20,16,2
0,23,21,16,2
0,24,18,16,2
0,24,19,16,2
0,24,20,16,2
0,24,21,16,2
0,25,18,16,2
0,25,19,16,2
0,25,20,16,2
0,25,21,16,2
0,26,18,16,2
0,26,19,16,2
0,26,20,16,2
0,26,21,16,2
0,27,18,16,2
0,27,19,16,2
0,27,20,16,2
0,27,21,16,2
0,28,18,16,2
0,28,19,16,2
0,28,20,16,2
0,28,21,16,2
0,29,18,16,2
0,29,19,16,2
0,29,20,16,2
0,29,21,16,2
0,30,18,16,2
0,30,19,16,2
0,30,20,16,2
0,30,21,16,2
0,31,18,16,2
0,31,19,16,2
0,31,20,16,2
0,31,21,16,2
0,32,18,16,2
0,32,19,16,2
0,32,20,16,2
0,32,21,16,2
0,33,18,16,2
0,33,19,16,2
0,33,20,16,2
0,33,21,16,2
0,34,18,16,2
0,34,19,16,2
0,34,20,16,2
0,34,21,16,2
0,35,18,16,2
0,35,19,16,2
0,35,20,16,2
0,35,21,16,2
0,36,18,16,2
0,36,19,16,2
0,36,20,16,2
0,36,21,16,2
0,37,18,16,2
0,37,19,16,2
0,37,20,16,2
0,37,21,16,2
0,38,18,16,2
0,38,19,16,2
0,38,20,16,2
0,38,21,16,2
0,39,18,16,2
0,39,19,16,2
0,39,20,16,2
0,39,21,16,2
0,40,18,16,2
0,40,19,16,2
0,40,20,16,2
0,40,21,16,2
0,41,18,16,2
0,41,19,16,2
0,41,20,16,2
0,41,21,16,2
0,42,18,16,2
0,42,19,16,2
0,42,20,16,2
0,42,21,16,2
0,43,18,16,2
0,43,19,16,2
0,43,20,16,2
0,43,21,16,2
0,44,18,16,2
0,44,19,16,2
0,44,20,16,2
0,44,21,16,2
0,45,18,16,2
0,45,19,16,2
0,45,20,16,2
0,45,21,16,2
0,46,18,16,2
0,46,19,16,2
0,46,20,16,2
0,46,21,16,2
0,47,18,16,2
0,47,19,16,2
0,47,20,16,2
0,47,21,16,2
0,48,18,16,2
0,48,19,16,2
0,48,20,16,2
0,48,21,16,2
0,49,18,16,2
0,49,19,16,2
0,49,20,16,2
0,49,21,16,2
0,50,18,16,2
0,50,19,16,2
0,50,20,16,2
0,50,21,16,2
0,51,18,16,2
0,51,19,16,2
0,51,20,16,2
0,51,21,16,2
0,52,18,16,2
0,52,19,16,2
0,52,20,16,2
0,52,21,16,2
0,53,18,16,2
0,53,19,16,2
0,53,20,16,2
0,53,21,16,2
0,54,18,16,2
0,54,19,16,2
0,54,20,16,2
0,54,21,16,2
0,55,18,16,2
0,55,19,16,2
0,55,20,16,2
0,55,21,16,2
0,56,18,16,2
0,56,19,16,2
0,56,20,16,2
0,56,21,16,2
0,57,18,16,2
0,57,19,16,2
0,57,20,16,2
0,57,21,16,2
0,58,18,16,2
0,58,19,16,2
0,58,20,16,2
0,58,21,16,2
0,59,18,16,2
0,59,19,16,2
0,59,20,16,2
0,59,21,16,2
0,60,18,16,2
0,60,19,16,2
0,60,20,16,2
0,60,21,16,2
0,61,18,16,2
0,61,19,16,2
0,61,20,16,2
0,61,21,16,2
0,62,18,16,2
0,62,19,16,2
0,62,20,16,2
0,62,21,16,2
0,63,18,16,2
0,63,19,16,2
0,63,20,16,2
0,63,21,16,2
0,64,18,16,2
0,64,19,16,2
0,64,20,16,2
0,64,21,16,2
0,65,18,16,2
0,65,19,16,2
0,65,20,16,2
0,65,21,16,2
0,66,18,16,2
0,66,19,16,2
0,66,20,16,2
0,66,21,16,2
0,67,18,16,2
0,67,19,16,2
0,67,20,16,2
0,67,21,16,2
0,68,18,16,2
0,68,19,16,2
0,68,20,16,2
0,68,21,16,2
0,69,18,16,2
0,69,19,16,2
0,69,20,16,2
0,69,21,16,2
0,70,18,16,2
0,70,19,16,2
0,70,20,16,2
0,70,21,16,2
0,71,18,16,2
0,71,19,16,2
0,71,20,16,2
0,71,21,16,2
0,72,18,16,2
0,72,19,16,2
0,72,20,16,2
0,72,21,16,2
0,73,18,16,2
0,73,19,16,2
0,73,20,16,2
0,73,21,16,2
0,74,18,16,2
0,74,19,16,2
0,74,20,16,2
0,74,21,16,2
0,75,18,16,2
0,75,19,16,2
0,75,20,16,2
0,75,21,16,2
0,76,18,16,2
0,76,19,16,2
0,76,20,16,2
0,76,21,16,2
0,77,18,16,2
0,77,19,16,2
0,77,20,16,2
0,77,21,16,2
0,78,18,16,2
0,78,19,16,2
0,78,20,16,2
0,78,21,16,2
0,79,18,16,2
0,79,19,16,2
0,79,20,16,2
0,79,21,16,2
0,80,18,16,2
0,80,19,16,2
0,80,20,16,2
0,80,21,16,2
0,81,18,16,2
0,81,19,16,2
0,81,20,16,2
0,81,21,16,2
0,82,18,16,2
0,82,19,16,2
0,82,20,16,2
0,82,21,16,2
0,83,18,16,2
0,83,19,16,2
0,83,20,16,2
0,83,21,16,2
0,84,18,16,2
0,84,19,16,2
0,84,20,16,2
0,84,21,16,2
0,85,18,16,2
0,85,19,16,2
0,85,20,16,2
0,85,21,16,2
0,86,18,16,2
0,86,19,16,2
0,86,20,16,2
0,86,21,16,2
0,87,18,16,2
0,87,19,16,2
0,87,20,16,2
0,87,21,16,2
0,88,18,16,2
0,88,19,16,2
0,88,20,16,2
0,88,21,16,2
0,89,18,16,2
0,89,19,16,2
0,89,20,16,2
0,89,21,16,2
0,90,18,16,2
0,90,19,16,2
0,90,20,16,2
0,90,21,16,2
0,91,18,16,2
0,91,19,16,2
0,91,20,16,2
0,91,21,16,2
0,92,18,16,2
0,92,19,16,2
0,92,20,16,2
0,92,21,16,2
0,93,18,16,2
0,93,19,16,2
0,93,20,16,2
0,93,21,16,2
0,94,18,16,2
0,94,19,16,2
0,94,20,16,2
0,94,21,16,2
0,95,18,16,2
0,95,19,16,2
0,95,20,16,2
0,95,21,16,2
0,96,18,16,2
0,96,19,16,2
0,96,20,16,2
0,96,21,16,2
0,97,18,16,2
0,97,19,16,2
0,97,20,16,2
0,97,21,16,2
0,98,18,16,2
0,98,19,16,2
0,98,20,16,2
0,98,21,16,2
0,99,18,16,2
0,99,19,16,2
0,99,20,16,2
0,99,21,16,2
0,100,18,16,2
0,100,19,16,2
0,100,20,16,2
0,100,21,16,2
0,101,18,16,2
0,101,19,16,2
0,101,20,16,2
0,101,21,16,2
0,102,18,16,2
0,102,19,16,2
0,102,20,16,2
0,102,21,16,2
0,103,18,16,2
0,103,19,16,2
0,103,20,16,2
0,103,21,16,2
0,104,18,16,2
0,104,19,16,2
0,104,20,16,2
0,104,21,16,2
0,105,18,16,2
0,105,19,16,2
0,105,20,16,2
0,105,21,16,2
0,106,18,16,2
0,106,19,16,2
0,106,20,16,2
0,106,21,16,2
0,107,18,16,2
0,107,19,16,2
0,107,20,16,2
0,107,21,16,2
0,108,18,16,2
0,108,19,16,2
0,108,20,16,2
0,108,21,16,2
0,109,18,16,2
0,109,19,16,2
0,109,20,16,2
0,109,21,16,2
0,110,18,16,2
0,110,19,16,2
0,110,20,16,2
0,110,21,16,2
0,111,18,16,2
0,111,19,16,2
0,111,20,16,2
0,111,21,16,2
0,112,18,16,2
0,112,19,16,2
0,112,20,16,2
0,112,21,16,2
0,113,18,16,2
0,113,19,16,2
0,113,20,16,2
0,113,21,16,2
0,114,18,16,2
0,114,19,16,2
0,114,20,16,2
0,114,21,16,2
0,115,18,16,2
0,115,19,16,2
0,115,20,16,2
0,115,21,16,2
0,116,18,16,2
0,116,19,16,2
0,116,20,16,2
0,116,21,16,2
0,117,18,16,2
0,117,19,16,2
0,117,20,16,2
0,117,21,16,2
0,118,18,16,2
0,118,19,16,2
0,118,20,16,2
0,118,21,16,2
0,119,18,16,2
0,119,19,16,2
0,119,20,16,2
0,119,21,16,2
0,120,18,16,2
0,120,19,16,2
0,120,20,16,2
0,120,21,16,2
0,121,18,16,2
0,121,19,16,2
0,121,20,16,2
0,121,21,16,2
0,122,18,16,2
0,122,19,16,2
0,122,20,16,2
0,122,21,16,2
0,123,18,16,2
0,123,19,16,2
0,123,20,16,2
0,123,21,16,2
0,124,18,16,2
0,124,19,16,2
0,124,20,16,2
0,124,21,16,2
0,125,18,16,2
0,125,19,16,2
0,125,20,16,2
0,125,21,16,2
0,126,18,16,2
0,126,19,16,2
0,126,20,16,2
0,126,21,16,2
0,127,18,16,2
0,127,19,16,2
0,127,20,16,2
0,127,21,16,2
0,128,18,16,2
0,128,19,16,2
0,128,20,16,2
0,128,21,16,2
0,129,18,16,2
0,129,19,16,2
0,129,20,16,2
0,129,21,16,2
0,130,18,16,2
0,130,19,16,2
0,130,20,16,2
0,130,21,16,2
0,131,18,16,2
0,131,19,16,2
0,131,20,16,2
0,131,21,16,2
0,132,18,16,2
0,132,19,16,2
0,132,20,16,2
0,132,21,16,2
0,133,18,16,2
0,133,19,16,2
0,133,20,16,2
0,133,21,16,2
0,134,18,16,2
0,134,19,16,2
0,134,20,16,2
0,134,21,16,2
0,135,18,16,2
0,135,19,16,2
0,135,20,16,2
0,135,21,16,2
0,136,18,16,2
0,136,19,16,2
0,136,20,16,2
0,136,21,16,2
0,137,18,16,2
0,137,19,16,2
0,137,20,16,2
0,137,21,16,2
0,138,18,16,2
0,138,19,16,2
0,138,20,16,2
0,138,21,16,2
0,139,18,16,2
0,139,19,16,2
0,139,20,16,2
0,139,21,16,2
0,140,18,16,2
0,140,19,16,2
0,140,20,16,2
0,140,21,16,2
0,141,18,16,2
0,141,19,16,2
0,141,20,16,2
0,141,21,16,2
0,142,18,16,2
0,142,19,16,2
0,142,20,16,2
0,142,21,16,2
0,143,18,16,2
0,143,19,16,2
0,143,20,16,2
0,143,21,16,2
0,144,18,16,2
0,144,19,16,2
0,144,20,16,2
0,144,21,16,2
0,145,18,16,2
0,145,19,16,2
0,145,20,16,2
0,145,21,16,2
0,146,18,16,2
0,146,19,16,2
0,146,20,16,2
0,146,21,16,2
0,147,18,16,2
0,147,19,16,2
0,147,20,16,2
0,147,21,16,2
0,148,18,16,2
0,148,19,16,2
0,148,20,16,2
0,148,21,16,2
0,149,18,16,2
0,149,19,16,2
0,149,20,16,2
0,149,21,16,2
0,150,18,16,2
0,150,19,16,2
0,150,20,16,2
0,150,21,16,2
0,151,18,16,2
0,151,19,16,2
0,151,20,16,2
0,151,21,16,2
0,17,8,16,2
0,17,9,16,2
0,17,10,16,2
0,17,11,16,2
0,17,12,16,2
0,18,8,16,2
0,18,9,16,2
0,18,10,16,2
0,18,11,16,2
0,18,12,16,2
0,19,8,16,2
0,19,9,16,2
0,19,10,16,2
0,19,11,16,2
0,19,12,16,2
0,20,8,16,2
0,20,9,16,2
0,20,10,16,2
0,20,11,16,2
0,20,12,16,2
0,21,8,16,2
0,21,9,16,2
0,21,10,16,2
0,21,11,16,2
0,21,12,16,2
0,22,8,16,2
0,22,9,16,2
0,22,10,16,2
0,22,11,16,2
0,22,12,16,2
0,23,8,16,2
0,23,9,16,2
0,23,10,16,2
0,23,11,16,2
0,23,12,16,2
0,24,8,16,2
0,24,9,16,2
0,24,10,16,2
0,24,11,16,2
0,24,12,16,2
0,25,8,16,2
0,25,9,16,2
0,25,10,16,2
0,25,11,16,2
0,25,12,16,2
0,26,8,16,2
0,26,9,16,2
0,26,10,16,2
0,26,11,16,2
0,26,12,16,2
0,27,8,16,2
0,27,9,16,2
0,27,10,16,2
0,27,11,16,2
0,27,12,16,2
0,28,8,16,2
0,28,9,16,2
0,28,10,16,2
0,28,11,16,2
0,28,12,16,2
0,29,8,16,2
0,29,9,16,2
0,29,10,16,2
0,29,11,16,2
0,29,12,16,2
0,30,8,16,2
0,30,9,16,2
0,30,10,16,2
0,30,11,16,2
0,30,12,16,2
0,31,8,16,2
0,31,9,16,2
0,31,10,16,2
0,31,11,16,2
0,31,12,16,2
0,32,8,16,2
0,32,9,16,2
0,32,10,16,2
0,32,11,16,2
0,32,12,16,2
0,33,8,16,2
0,33,9,16,2
0,33,10,16,2
0,33,11,16,2
0,33,12,16,2
0,34,8,16,2
0,34,9,16,2
0,34,10,16,2
0,34,11,16,2
0,34,12,16,2
0,35,8,16,2
0,35,9,16,2
0,35,10,16,2
0,35,11,16,2
0,35,12,16,2
0,36,8,16,2
0,36,9,16,2
0,36,10,16,2
0,36,11,16,2
0,36,12,16,2
0,37,8,16,2
0,37,9,16,2
0,37,10,16,2
0,37,11,16,2
0,37,12,16,2
0,38,8,16,2
0,38,9,16,2
0,38,10,16,2
0,38,11,16,2
0,38,12,16,2
0,39,8,16,2
0,39,9,16,2
0,39,10,16,2
0,39,11,16,2
0,39,12,16,2
0,40,8,16,2
0,40,9,16,2
0,40,10,16,2
0,40,11,16,2
0,40,12,16,2
0,41,8,16,2
0,41,9,16,2
0,41,10,16,2
0,41,11,16,2
0,41,12,16,2
0,42,8,16,2
0,42,9,16,2
0,42,10,16,2
0,42,11,16,2
0,42,12,16,2
0,43,8,16,2
0,43,9,16,2
0,43,10,16,2
0,43,11,16,2
0,43,12,16,2
0,44,8,16,2
0,44,9,16,2
0,44,10,16,2
0,44,11,16,2
0,44,12,16,2
0,45,8,16,2
0,45,9,16,2
0,45,10,16,2
0,45,11,16,2
0,45,12,16,2
0,46,8,16,2
0,46,9,16,2
0,46,10,16,2
0,46,11,16,2
0,46,12,16,2
0,47,8,16,2
0,47,9,16,2
0,47,10,16,2
0,47,11,16,2
0,47,12,16,2
0,48,8,16,2
0,48,9,16,2
0,48,10,16,2
0,48,11,16,2
0,48,12,16,2
0,49,8,16,2
0,49,9,16,2
0,49,10,16,2
0,49,11,16,2
0,49,12,16,2
0,50,8,16,2
0,50,9,16,2
0,50,10,16,2
0,50,11,16,2
0,50,12,16,2
0,51,8,16,2
0,51,9,16,2
0,51,10,16,2
0,51,11,16,2
0,51,12,16,2
0,52,8,16,2
0,52,9,16,2
0,52,10,16,2
0,52,11,16,2
0,52,12,16,2
0,53,8,16,2
0,53,9,16,2
0,53,10,16,2
0,53,11,16,2
0,53,12,16,2
0,54,8,16,2
0,54,9,16,2
0,54,10,16,2
0,54,11,16,2
0,54,12,16,2
0,55,8,16,2
0,55,9,16,2
0,55,10,16,2
0,55,11,16,2
0,55,12,16,2
0,56,8,16,2
0,56,9,16,2
0,56,10,16,2
0,56,11,16,2
0,56,12,16,2
0,57,8,16,2
0,57,9,16,2
0,57,10,16,2
0,57,11,16,2
0,57,12,16,2
0,58,8,16,2
0,58,9,16,2
0,58,10,16,2
0,58,11,16,2
0,58,12,16,2
0,59,8,16,2
0,59,9,16,2
0,59,10,16,2
0,59,11,16,2
0,59,12,16,2
0,60,8,16,2
0,60,9,16,2
0,60,10,16,2
0,60,11,16,2
0,60,12,16,2
0,61,8,16,2
0,61,9,16,2
0,61,10,16,2
0,61,11,16,2
0,61,12,16,2
0,62,8,16,2
0,62,9,16,2
0,62,10,16,2
0,62,11,16,2
0,62,12,16,2
0,63,8,16,2
0,63,9,16,2
0,63,10,16,2
0,63,11,16,2
0,63,12,16,2
0,64,8,16,2
0,64,9,16,2
0,64,10,16,2
0,64,11,16,2
0,64,12,16,2
0,65,8,16,2
0,65,9,16,2
0,65,10,16,2
0,65,11,16,2
0,65,12,16,2
0,66,8,16,2
0,66,9,16,2
0,66,10,16,2
0,66,11,16,2
0,66,12,16,2
0,67,8,16,2
0,67,9,16,2
0,67,10,16,2
0,67,11,16,2
0,67,12,16,2
0,68,8,16,2
0,68,9,16,2
0,68,10,16,2
0,68,11,16,2
0,68,12,16,2
0,69,8,16,2
0,69,9,16,2
0,69,10,16,2
0,69,11,16,2
0,69,12,16,2
0,70,8,16,2
0,70,9,16,2
0,70,10,16,2
0,70,11,16,2
0,70,12,16,2
0,71,8,16,2
0,71,9,16,2
0,71,10,16,2
0,71,11,16,2
0,71,12,16,2
0,72,8,16,2
0,72,9,16,2
0,72,10,16,2
0,72,11,16,2
0,72,12,16,2
0,73,8,16,2
0,73,9,16,2
0,73,10,16,2
0,73,11,16,2
0,73,12,16,2
0,74,8,16,2
0,74,9,16,2
0,74,10,16,2
0,74,11,16,2
0,74,12,16,2
0,75,8,16,2
0,75,9,16,2
0,75,10,16,2
0,75,11,16,2
0,75,12,16,2
0,76,8,16,2
0,76,9,16,2
0,76,10,16,2
0,76,11,16,2
0,76,12,16,2
0,77,8,16,2
0,77,9,16,2
0,77,10,16,2
0,77,11,16,2
0,77,12,16,2
0,78,8,16,2
0,78,9,16,2
0,78,10,16,2
0,78,11,16,2
0,78,12,16,2
0,79,8,16,2
0,79,9,16,2
0,79,10,16,2
0,79,11,16,2
0,79,12,16,2
0,80,8,16,2
0,80,9,16,2
0,80,10,16,2
0,80,11,16,2
0,80,12,16,2
0,81,8,16,2
0,81,9,16,2
0,81,10,16,2
0,81,11,16,2
0,81,12,16,2
0,82,8,16,2
0,82,9,16,2
0,82,10,16,2
0,82,11,16,2
0,82,12,16,2
0,83,8,16,2
0,83,9,16,2
0,83,10,16,2
0,83,11,16,2
0,83,12,16,2
0,84,8,16,2
0,84,9,16,2
0,84,10,16,2
0,84,11,16,2
0,84,12,16,2
0,85,8,16,2
0,85,9,16,2
0,85,10,16,2
0,85,11,16,2
0,85,12,16,2
0,86,8,16,2
0,86,9,16,2
0,86,10,16,2
0,86,11,16,2
0,86,12,16,2
0,87,8,16,2
0,87,9,16,2
0,87,10,16,2
0,87,11,16,2
0,87,12,16,2
0,88,8,16,2
0,88,9,16,2
0,88,10,16,2
0,88,11,16,2
0,88,12,16,2
0,89,8,16,2
0,89,9,16,2
0,89,10,16,2
0,89,11,16,2
0,89,12,16,2
0,90,8,16,2
0,90,9,16,2
0,90,10,16,2
0,90,11,16,2
0,90,12,16,2
0,91,8,16,2
0,91,9,16,2
0,91,10,16,2
0,91,11,16,2
0,91,12,16,2
0,92,8,16,2
0,92,9,16,2
0,92,10,16,2
0,92,11,16,2
0,92,12,16,2
0,93,8,16,2
0,93,9,16,2
0,93,10,16,2
0,93,11,16,2
0,93,12,16,2
0,94,8,16,2
0,94,9,16,2
0,94,10,16,2
0,94,11,16,2
0,94,12,16,2
0,95,8,16,2
0,95,9,16,2
0,95,10,16,2
0,95,11,16,2
0,95,12,16,2
0,96,8,16,2
0,96,9,16,2
0,96,10,16,2
0,96,11,16,2
0,96,12,16,2
0,97,8,16,2
0,97,9,16,2
0,97,10,16,2
0,97,11,16,2
0,97,12,16,2
0,98,8,16,2
0,98,9,16,2
0,98,10,16,2
0,98,11,16,2
0,98,12,16,2
0,99,8,16,2
0,99,9,16,2
0,99,10,16,2
0,99,11,16,2
0,99,12,16,2
0,100,8,16,2
0,100,9,16,2
0,100,10,16,2
0,100,11,16,2
0,100,12,16,2
0,101,8,16,2
0,101,9,16,2
0,101,10,16,2
0,101,11,16,2
0,101,12,16,2
0,102,8,16,2
0,102,9,16,2
0,102,10,16,2
0,102,11,16,2
0,102,12,16,2
0,103,8,16,2
0,103,9,16,2
0,103,10,16,2
0,103,11,16,2
0,103,12,16,2
0,104,8,16,2
0,104,9,16,2
0,104,10,16,2
0,104,11,16,2
0,104,12,16,2
0,105,8,16,2
0,105,9,16,2
0,105,10,16,2
0,105,11,16,2
0,105,12,16,2
0,106,8,16,2
0,106,9,16,2
0,106,10,16,2
0,106,11,16,2
0,106,12,16,2
0,107,8,16,2
0,107,9,16,2
0,107,10,16,2
0,107,11,16,2
0,107,12,16,2
0,108,8,16,2
0,108,9,16,2
0,108,10,16,2
0,108,11,16,2
0,108,12,16,2
0,109,8,16,2
0,109,9,16,2
0,109,10,16,2
0,109,11,16,2
0,109,12,16,2
0,110,8,16,2
0,110,9,16,2
0,110,10,16,2
0,110,11,16,2
0,110,12,16,2
0,111,8,16,2
0,111,9,16,2
0,111,10,16,2
0,111,11,16,2
0,111,12,16,2
0,112,8,16,2
0,112,9,16,2
0,112,10,16,2
0,112,11,16,2
0,112,12,16,2
0,113,8,16,2
0,113,9,16,2
0,113,10,16,2
0,113,11,16,2
0,113,12,16,2
0,114,8,16,2
0,114,9,16,2
0,114,10,16,2
0,114,11,16,2
0,114,12,16,2
0,115,8,16,2
0,115,9,16,2
0,115,10,16,2
0,115,11,16,2
0,115,12,16,2
0,116,8,16,2
0,116,9,16,2
0,116,10,16,2
0,116,11,16,2
0,116,12,16,2
0,117,8,16,2
0,117,9,16,2
0,117,10,16,2
0,117,11,16,2
0,117,12,16,2
0,118,8,16,2
0,118,9,16,2
0,118,10,16,2
0,118,11,16,2
0,118,12,16,2
0,119,8,16,2
0,119,9,16,2
0,119,10,16,2
0,119,11,16,2
0,119,12,16,2
0,120,8,16,2
0,120,9,16,2
0,120,10,16,2
0,120,11,16,2
0,120,12,16,2
0,121,8,16,2
0,121,9,16,2
0,121,10,16,2
0,121,11,16,2
0,121,12,16,2
0,122,8,16,2
0,122,9,16,2
0,122,10,16,2
0,122,11,16,2
0,122,12,16,2
0,123,8,16,2
0,123,9,16,2
0,123,10,16,2
0,123,11,16,2
0,123,12,16,2
0,124,8,16,2
0,124,9,16,2
0,124,10,16,2
0,124,11,16,2
0,124,12,16,2
0,125,8,16,2
0,125,9,16,2
0,125,10,16,2
0,125,11,16,2
0,125,12,16,2
0,126,8,16,2
0,126,9,16,2
0,126,10,16,2
0,126,11,16,2
0,126,12,16,2
0,127,8,16,2
0,127,9,16,2
0,127,10,16,2
0,127,11,16,2
0,127,12,16,2
0,128,8,16,2
0,128,9,16,2
0,128,10,16,2
0,128,11,16,2
0,128,12,16,2
0,129,8,16,2
0,129,9,16,2
0,129,10,16,2
0,129,11,16,2
0,129,12,16,2
0,130,8,16,2
0,130,9,16,2
0,130,10,16,2
0,130,11,16,2
0,130,12,16,2
0,131,8,16,2
0,131,9,16,2
0,131,10,16,2
0,131,11,16,2
0,131,12,16,2
0,132,8,16,2
0,132,9,16,2
0,132,10,16,2
0,132,11,16,2
0,132,12,16,2
0,133,8,16,2
0,133,9,16,2
0,133,10,16,2
0,133,11,16,2
0,133,12,16,2
0,134,8,16,2
0,134,9,16,2
0,134,10,16,2
0,134,11,16,2
0,134,12,16,2
0,135,8,16,2
0,135,9,16,2
0,135,10,16,2
0,135,11,16,2
0,135,12,16,2
0,136,8,16,2
0,136,9,16,2
0,136,10,16,2
0,136,11,16,2
0,136,12,16,2
0,137,8,16,2
0,137,9,16,2
0,137,10,16,2
0,137,11,16,2
0,137,12,16,2
0,138,8,16,2
0,138,9,16,2
0,138,10,16,2
0,138,11,16,2
0,138,12,16,2
0,139,8,16,2
0,139,9,16,2
0,139,10,16,2
0,139,11,16,2
0,139,12,16,2
0,140,8,16,2
0,140,9,16,2
0,140,10,16,2
0,140,11,16,2
0,140,12,16,2
0,141,8,16,2
0,141,9,16,2
0,141,10,16,2
0,141,11,16,2
0,141,12,16,2
0,142,8,16,2
0,142,9,16,2
0,142,10,16,2
0,142,11,16,2
0,142,12,16,2
0,143,8,16,2
0,143,9,16,2
0,143,10,16,2
0,143,11,16,2
0,143,12,16,2
0,144,8,16,2
0,144,9,16,2
0,144,10,16,2
0,144,11,16,2
0,144,12,16,2
0,145,8,16,2
0,145,9,16,2
0,145,10,16,2
0,145,11,16,2
0,145,12,16,2
0,146,8,16,2
0,146,9,16,2
0,146,10,16,2
0,146,11,16,2
0,146,12,16,2
0,147,8,16,2
0,147,9,16,2
0,147,10,16,2
0,147,11,16,2
0,147,12,16,2
0,148,8,16,2
0,148,9,16,2
0,148,10,16,2
0,148,11,16,2
0,148,12,16,2
0,149,8,16,2
0,149,9,16,2
0,149,10,16,2
0,149,11,16,2
0,149,12,16,2
0,150,8,16,2
0,150,9,16,2
0,150,10,16,2
0,150,11,16,2
0,150,12,16,2
0,151,8,16,2
0,151,9,16,2
0,151,10,16,2
0,151,11,16,2
0,151,12,16,2
0,152,8,16,2
0,152,9,16,2
0,152,10,16,2
0,152,11,16,2
0,152,12,16,2
0,153,8,16,2
0,153,9,16,2
0,153,10,16,2
0,153,11,16,2
0,153,12,16,2
0,154,8,16,2
0,154,9,16,2
0,154,10,16,2
0,154,11,16,2
0,154,12,16,2
0,155,8,16,2
0,155,9,16,2
0,155,10,16,2
0,155,11,16,2
0,155,12,16,2
0,156,8,16,2
0,156,9,16,2
0,156,10,16,2
0,156,11,16,2
0,156,12,16,2
0,10,8,16,2
0,10,9,16,2
0,10,10,16,2
0,10,11,16,2
0,10,12,16,2
0,11,8,16,2
0,11,9,16,2
0,11,10,16,2
0,11,11,16,2
0,11,12,16,2
0,12,8,16,2
0,12,9,16,2
0,12,10,16,2
0,12,11,16,2
0,12,12,16,2
0,13,8,16,2
0,13,9,16,2
0,13,10,16,2
0,13,11,16,2
0,13,12,16,2
0,14,8,16,2
0,14,9,16,2
0,14,10,16,2
0,14,11,16,2
0,14,12,16,2
0,15,8,16,2
0,15,9,16,2
0,15,10,16,2
0,15,11,16,2
0,15,12,16,2
0,16,8,16,2
0,16,9,16,2
0,16,10,16,2
0,16,11,16,2
0,16,12,16,2
0,6,8,16,2
0,6,9,16,2
0,6,10,16,2
0,6,11,16,2
0,6,12,16,2
0,7,8,16,2
0,7,9,16,2
0,7,10,16,2
0,7,11,16,2
0,7,12,16,2
0,8,8,16,2
0,8,9,16,2
0,8,10,16,2
0,8,11,16,2
0,8,12,16,2
0,9,8,16,2
0,9,9,16,2
0,9,10,16,2
0,9,11,16,2
0,9,12,16,2
0,6,18,16,2
0,6,19,16,2
0,6,20,16,2
0,6,21,16,2
0,7,18,16,2
0,7,19,16,2
0,7,20,16,2
0,7,21,16,2
0,8,18,16,2
0,8,19,16,2
0,8,20,16,2
0,8,21,16,2
0,9,18,16,2
0,9,19,16,2
0,9,20,16,2
0,9,21,16,2
0,10,18,16,2
0,10,19,16,2
0,10,20,16,2
0,10,21,16,2
0,11,18,16,2
0,11,19,16,2
0,11,20,16,2
0,11,21,16,2
0,12,18,16,2
0,12,19,16,2
0,12,20,16,2
0,12,21,16,2
0,13,18,16,2
0,13,19,16,2
0,13,20,16,2
0,13,21,16,2
0,14,18,16,2
0,14,19,16,2
0,14,20,16,2
0,14,21,16,2
0,15,18,16,2
0,15,19,16,2
0,15,20,16,2
0,15,21,16,2
0,16,18,16,2
0,16,19,16,2
0,16,20,16,2
0,16,21,16,2
0,12,17,16,3
0,12,18,16,3
0,12,19,16,3
0,12,20,16,3
0,12,21,16,3
0,12,22,16,3
0,12,23,16,3
0,13,17,16,3
0,13,18,16,3
0,13,19,16,3
0,13,20,16,3
0,13,21,16,3
0,13,22,16,3
0,13,23,16,3
0,14,17,16,3
0,14,18,16,3
0,14,19,16,3
0,14,20,16,3
0,14,21,16,3
0,14,22,16,3
0,14,23,16,3
0,15,17,16,3
0,15,18,16,3
0,15,19,16,3
0,15,20,16,3
0,15,21,16,3
0,15,22,16,3
0,15,23,16,3
0,16,17,16,3
0,16,18,16,3
0,16,19,16,3
0,16,20,16,3
0,16,21,16,3
0,16,22,16,3
0,16,23,16,3
0,17,17,16,3
0,17,18,16,3
0,17,19,16,3
0,17,20,16,3
0,17,21,16,3
0,17,22,16,3
0,17,23,16,3
0,18,17,16,3
0,18,18,16,3
0,18,19,16,3
0,18,20,16,3
0,18,21,16,3
0,18,22,16,3
0,18,23,16,3
0,19,17,16,3
0,19,18,16,3
0,19,19,16,3
0,19,20,16,3
0,19,21,16,3
0,19,22,16,3
0,19,23,16,3
0,20,17,16,3
0,20,18,16,3
0,20,19,16,3
0,20,20,16,3
0,20,21,16,3
0,20,22,16,3
0,20,23,16,3
0,21,17,16,3
0,21,18,16,3
0,21,19,16,3
0,21,20,16,3
0,21,21,16,3
0,21,22,16,3
0,21,23,16,3
0,22,17,16,3
0,22,18,16,3
0,22,19,16,3
0,22,20,16,3
0,22,21,16,3
0,22,22,16,3
0,22,23,16,3
0,23,17,16,3
0,23,18,16,3
0,23,19,16,3
0,23,20,16,3
0,23,21,16,3
0,23,22,16,3
0,23,23,16,3
0,24,17,16,3
0,24,18,16,3
0,24,19,16,3
0,24,20,16,3
0,24,21,16,3
0,24,22,16,3
0,24,23,16,3
0,25,17,16,3
0,25,18,16,3
0,25,19,16,3
0,25,20,16,3
0,25,21,16,3
0,25,22,16,3
0,25,23,16,3
0,26,17,16,3
0,26,18,16,3
0,26,19,16,3
0,26,20,16,3
0,26,21,16,3
0,26,22,16,3
0,26,23,16,3
0,27,17,16,3
0,27,18,16,3
0,27,19,16,3
0,27,20,16,3
0,27,21,16,3
0,27,22,16,3
0,27,23,16,3
0,28,17,16,3
0,28,18,16,3
0,28,19,16,3
0,28,20,16,3
0,28,21,16,3
0,28,22,16,3
0,28,23,16,3
0,29,17,16,3
0,29,18,16,3
0,29,19,16,3
0,29,20,16,3
0,29,21,16,3
0,29,22,16,3
0,29,23,16,3
0,30,17,16,3
0,30,18,16,3
0,30,19,16,3
0,30,20,16,3
0,30,21,16,3
0,30,22,16,3
0,30,23,16,3
0,31,17,16,3
0,31,18,16,3
0,31,19,16,3
0,31,20,16,3
0,31,21,16,3
0,31,22,16,3
0,31,23,16,3
0,32,17,16,3
0,32,18,16,3
0,32,19,16,3
0,32,20,16,3
0,32,21,16,3
0,32,22,16,3
0,32,23,16,3
0,33,17,16,3
0,33,18,16,3
0,33,19,16,3
0,33,20,16,3
0,33,21,16,3
0,33,22,16,3
0,33,23,16,3
0,34,17,16,3
0,34,18,16,3
0,34,19,16,3
0,34,20,16,3
0,34,21,16,3
0,34,22,16,3
0,34,23,16,3
0,35,17,16,3
0,35,18,16,3
0,35,19,16,3
0,35,20,16,3
0,35,21,16,3
0,35,22,16,3
0,35,23,16,3
0,36,17,16,3
0,36,18,16,3
0,36,19,16,3
0,36,20,16,3
0,36,21,16,3
0,36,22,16,3
0,36,23,16,3
0,37,17,16,3
0,37,18,16,3
0,37,19,16,3
0,37,20,16,3
0,37,21,16,3
0,37,22,16,3
0,37,23,16,3
0,38,17,16,3
0,38,18,16,3
0,38,19,16,3
0,38,20,16,3
0,38,21,16,3
0,38,22,16,3
0,38,23,16,3
0,39,17,16,3
0,39,18,16,3
0,39,19,16,3
0,39,20,16,3
0,39,21,16,3
0,39,22,16,3
0,39,23,16,3
0,40,17,16,3
0,40,18,16,3
0,40,19,16,3
0,40,20,16,3
0,40,21,16,3
0,40,22,16,3
0,40,23,16,3
0,41,17,16,3
0,41,18,16,3
0,41,19,16,3
0,41,20,16,3
0,41,21,16,3
0,41,22,16,3
0,41,23,16,3
0,42,17,16,3
0,42,18,16,3
0,42,19,16,3
0,42,20,16,3
0,42,21,16,3
0,42,22,16,3
0,42,23,16,3
0,43,17,16,3
0,43,18,16,3
0,43,19,16,3
0,43,20,16,3
0,43,21,16,3
0,43,22,16,3
0,43,23,16,3
0,44,17,16,3
0,44,18,16,3
0,44,19,16,3
0,44,20,16,3
0,44,21,16,3
0,44,22,16,3
0,44,23,16,3
0,45,17,16,3
0,45,18,16,3
0,45,19,16,3
0,45,20,16,3
0,45,21,16,3
0,45,22,16,3
0,45,23,16,3
0,46,17,16,3
0,46,18,16,3
0,46,19,16,3
0,46,20,16,3
0,46,21,16,3
0,46,22,16,3
0,46,23,16,3
0,47,17,16,3
0,47,18,16,3
0,47,19,16,3
0,47,20,16,3
0,47,21,16,3
0,47,22,16,3
0,47,23,16,3
0,48,17,16,3
0,48,18,16,3
0,48,19,16,3
0,48,20,16,3
0,48,21,16,3
0,48,22,16,3
0,48,23,16,3
0,49,17,16,3
0,49,18,16,3
0,49,19,16,3
0,49,20,16,3
0,49,21,16,3
0,49,22,16,3
0,49,23,16,3
0,50,17,16,3
0,50,18,16,3
0,50,19,16,3
0,50,20,16,3
0,50,21,16,3
0,50,22,16,3
0,50,23,16,3
0,51,17,16,3
0,51,18,16,3
0,51,19,16,3
0,51,20,16,3
0,51,21,16,3
0,51,22,16,3
0,51,23,16,3
0,12,8,16,3
0,12,9,16,3
0,12,10,16,3
0,12,11,16,3
0,12,12,16,3
0,12,13,16,3
0,13,8,16,3
0,13,9,16,3
0,13,12,16,3
0,14,8,16,3
0,14,9,16,3
0,14,10,16,3
0,14,11,16,3
0,14,12,16,3
0,14,13,16,3
0,15,8,16,3
0,15,9,16,3
0,15,10,16,3
0,15,11,16,3
0,15,12,16,3
0,15,13,16,3
0,16,8,16,3
0,16,9,16,3
0,16,10,16,3
0,16,11,16,3
0,16,12,16,3
0,16,13,16,3
0,17,8,16,3
0,17,9,16,3
0,17,10,16,3
0,17,11,16,3
0,17,12,16,3
0,17,13,16,3
0,18,8,16,3
0,18,9,16,3
0,18,10,16,3
0,18,11,16,3
0,18,12,16,3
0,18,13,16,3
0,19,8,16,3
0,19,9,16,3
0,19,10,16,3
0,19,11,16,3
0,19,12,16,3
0,19,13,16,3
0,20,8,16,3
0,20,9,16,3
0,20,10,16,3
0,20,11,16,3
0,20,12,16,3
0,20,13,16,3
0,21,8,16,3
0,21,9,16,3
0,21,10,16,3
0,21,11,16,3
0,21,12,16,3
0,21,13,16,3
0,22,8,16,3
0,22,9,16,3
0,22,10,16,3
0,22,11,16,3
0,22,12,16,3
0,22,13,16,3
0,23,8,16,3
0,23,9,16,3
0,23,10,16,3
0,23,11,16,3
0,23,12,16,3
0,23,13,16,3
0,24,8,16,3
0,24,9,16,3
0,24,10,16,3
0,24,11,16,3
0,24,12,16,3
0,24,13,16,3
0,25,8,16,3
0,25,9,16,3
0,25,10,16,3
0,25,11,16,3
0,25,12,16,3
0,25,13,16,3
0,26,8,16,3
0,26,9,16,3
0,26,10,16,3
0,26,11,16,3
0,26,12,16,3
0,26,13,16,3
0,27,8,16,3
0,27,9,16,3
0,27,10,16,3
0,27,11,16,3
0,27,12,16,3
0,27,13,16,3
0,28,8,16,3
0,28,9,16,3
0,28,10,16,3
0,28,11,16,3
0,28,12,16,3
0,28,13,16,3
0,29,8,16,3
0,29,9,16,3
0,29,10,16,3
0,29,11,16,3
0,29,12,16,3
0,29,13,16,3
0,30,8,16,3
0,30,9,16,3
0,30,10,16,3
0,30,11,16,3
0,30,12,16,3
0,30,13,16,3
0,31,8,16,3
0,31,9,16,3
0,31,10,16,3
0,31,11,16,3
0,31,12,16,3
0,31,13,16,3
0,32,8,16,3
0,32,9,16,3
0,32,10,16,3
0,32,11,16,3
0,32,12,16,3
0,32,13,16,3
0,33,8,16,3
0,33,9,16,3
0,33,10,16,3
0,33,11,16,3
0,33,12,16,3
0,33,13,16,3
0,34,8,16,3
0,34,9,16,3
0,34,10,16,3
0,34,11,16,3
0,34,12,16,3
0,34,13,16,3
0,35,8,16,3
0,35,9,16,3
0,35,10,16,3
0,35,11,16,3
0,35,12,16,3
0,35,13,16,3
0,36,8,16,3
0,36,9,16,3
0,36,10,16,3
0,36,11,16,3
0,36,12,16,3
0,36,13,16,3
0,37,8,16,3
0,37,9,16,3
0,37,10,16,3
0,37,11,16,3
0,37,12,16,3
0,37,13,16,3
0,38,8,16,3
0,38,9,16,3
0,38,10,16,3
0,38,11,16,3
0,38,12,16,3
0,38,13,16,3
0,39,8,16,3
0,39,9,16,3
0,39,10,16,3
0,39,11,16,3
0,39,12,16,3
0,39,13,16,3
0,40,8,16,3
0,40,9,16,3
0,40,10,16,3
0,40,11,16,3
0,40,12,16,3
0,40,13,16,3
0,41,8,16,3
0,41,9,16,3
0,41,10,16,3
0,41,11,16,3
0,41,12,16,3
0,41,13,16,3
0,42,8,16,3
0,42,9,16,3
0,42,10,16,3
0,42,11,16,3
0,42,12,16,3
0,42,13,16,3
0,43,8,16,3
0,43,9,16,3
0,43,10,16,3
0,43,11,16,3
0,43,12,16,3
0,43,13,16,3
0,44,8,16,3
0,44,9,16,3
0,44,10,16,3
0,44,11,16,3
0,44,12,16,3
0,44,13,16,3
0,45,8,16,3
0,45,9,16,3
0,45,10,16,3
0,45,11,16,3
0,45,12,16,3
0,45,13,16,3
0,46,8,16,3
0,46,9,16,3
0,46,10,16,3
0,46,11,16,3
0,46,12,16,3
0,46,13,16,3
0,47,8,16,3
0,47,9,16,3
0,47,10,16,3
0,47,11,16,3
0,47,12,16,3
0,47,13,16,3
0,48,8,16,3
0,48,9,16,3
0,48,10,16,3
0,48,11,16,3
0,48,12,16,3
0,48,13,16,3
0,49,8,16,3
0,49,9,16,3
0,49,10,16,3
0,49,11,16,3
0,49,12,16,3
0,49,13,16,3
0,50,8,16,3
0,50,9,16,3
0,50,10,16,3
0,50,11,16,3
0,50,12,16,3
0,50,13,16,3
0,51,8,16,3
0,51,9,16,3
0,51,10,16,3
0,51,11,16,3
0,51,12,16,3
0,51,13,16,3
0,52,8,16,3
0,52,9,16,3
0,52,10,16,3
0,52,11,16,3
0,52,12,16,3
0,52,13,16,3
0,52,17,16,3
0,52,18,16,3
0,52,19,16,3
0,52,20,16,3
0,52,21,16,3
0,52,22,16,3
0,52,23,16,3
0,53,17,16,3
0,53,18,16,3
0,53,19,16,3
0,53,20,16,3
0,53,21,16,3
0,53,22,16,3
0,53,23,16,3
0,54,17,16,3
0,54,18,16,3
0,54,19,16,3
0,54,20,16,3
0,54,21,16,3
0,54,22,16,3
0,54,23,16,3
0,55,17,16,3
0,55,18,16,3
0,55,19,16,3
0,55,20,16,3
0,55,21,16,3
0,55,22,16,3
0,55,23,16,3
0,56,17,16,3
0,56,18,16,3
0,56,19,16,3
0,56,20,16,3
0,56,21,16,3
0,56,22,16,3
0,56,23,16,3
0,57,17,16,3
0,57,18,16,3
0,57,19,16,3
0,57,20,16,3
0,57,21,16,3
0,57,22,16,3
0,57,23,16,3
0,58,17,16,3
0,58,18,16,3
0,58,19,16,3
0,58,20,16,3
0,58,21,16,3
0,58,22,16,3
0,58,23,16,3
0,59,17,16,3
0,59,18,16,3
0,59,19,16,3
0,59,20,16,3
0,59,21,16,3
0,59,22,16,3
0,59,23,16,3
0,60,17,16,3
0,60,18,16,3
0,60,19,16,3
0,60,20,16,3
0,60,21,16,3
0,60,22,16,3
0,60,23,16,3
0,61,17,16,3
0,61,18,16,3
0,61,19,16,3
0,61,20,16,3
0,61,21,16,3
0,61,22,16,3
0,61,23,16,3
0,62,17,16,3
0,62,18,16,3
0,62,19,16,3
0,62,20,16,3
0,62,21,16,3
0,62,22,16,3
0,62,23,16,3
0,63,17,16,3
0,63,18,16,3
0,63,19,16,3
0,63,20,16,3
0,63,21,16,3
0,63,22,16,3
0,63,23,16,3
0,64,17,16,3
0,64,18,16,3
0,64,19,16,3
0,64,20,16,3
0,64,21,16,3
0,64,22,16,3
0,64,23,16,3
0,65,17,16,3
0,65,18,16,3
0,65,19,16,3
0,65,20,16,3
0,65,21,16,3
0,65,22,16,3
0,65,23,16,3
0,66,17,16,3
0,66,18,16,3
0,66,19,16,3
0,66,20,16,3
0,66,21,16,3
0,66,22,16,3
0,66,23,16,3
0,67,17,16,3
0,67,18,16,3
0,67,19,16,3
0,67,20,16,3
0,67,21,16,3
0,67,22,16,3
0,67,23,16,3
0,68,17,16,3
0,68,18,16,3
0,68,19,16,3
0,68,20,16,3
0,68,21,16,3
0,68,22,16,3
0,68,23,16,3
0,69,17,16,3
0,69,18,16,3
0,69,19,16,3
0,69,20,16,3
0,69,21,16,3
0,69,22,16,3
0,69,23,16,3
0,70,17,16,3
0,70,18,16,3
0,70,19,16,3
0,70,20,16,3
0,70,21,16,3
0,70,22,16,3
0,70,23,16,3
0,71,17,16,3
0,71,18,16,3
0,71,19,16,3
0,71,20,16,3
0,71,21,16,3
0,71,22,16,3
0,71,23,16,3
0,72,17,16,3
0,72,18,16,3
0,72,19,16,3
0,72,20,16,3
0,72,21,16,3
0,72,22,16,3
0,72,23,16,3
0,73,17,16,3
0,73,18,16,3
0,73,19,16,3
0,73,20,16,3
0,73,21,16,3
0,73,22,16,3
0,73,23,16,3
0,74,17,16,3
0,74,18,16,3
0,74,19,16,3
0,74,20,16,3
0,74,21,16,3
0,74,22,16,3
0,74,23,16,3
0,75,17,16,3
0,75,18,16,3
0,75,19,16,3
0,75,20,16,3
0,75,21,16,3
0,75,22,16,3
0,75,23,16,3
0,76,17,16,3
0,76,18,16,3
0,76,19,16,3
0,76,20,16,3
0,76,21,16,3
0,76,22,16,3
0,76,23,16,3
0,77,17,16,3
0,77,18,16,3
0,77,19,16,3
0,77,20,16,3
0,77,21,16,3
0,77,22,16,3
0,77,23,16,3
0,78,17,16,3
0,78,18,16,3
0,78,19,16,3
0,78,20,16,3
0,78,21,16,3
0,78,22,16,3
0,78,23,16,3
0,79,17,16,3
0,79,18,16,3
0,79,19,16,3
0,79,20,16,3
0,79,21,16,3
0,79,22,16,3
0,79,23,16,3
0,80,17,16,3
0,80,18,16,3
0,80,19,16,3
0,80,20,16,3
0,80,21,16,3
0,80,22,16,3
0,80,23,16,3
0,81,17,16,3
0,81,18,16,3
0,81,19,16,3
0,81,20,16,3
0,81,21,16,3
0,81,22,16,3
0,81,23,16,3
0,82,17,16,3
0,82,18,16,3
0,82,19,16,3
0,82,20,16,3
0,82,21,16,3
0,82,22,16,3
0,82,23,16,3
0,83,17,16,3
0,83,18,16,3
0,83,19,16,3
0,83,20,16,3
0,83,21,16,3
0,83,22,16,3
0,83,23,16,3
0,84,17,16,3
0,84,18,16,3
0,84,19,16,3
0,84,20,16,3
0,84,21,16,3
0,84,22,16,3
0,84,23,16,3
0,85,17,16,3
0,85,18,16,3
0,85,19,16,3
0,85,20,16,3
0,85,21,16,3
0,85,22,16,3
0,85,23,16,3
0,86,17,16,3
0,86,18,16,3
0,86,19,16,3
0,86,20,16,3
0,86,21,16,3
0,86,22,16,3
0,86,23,16,3
0,87,17,16,3
0,87,18,16,3
0,87,19,16,3
0,87,20,16,3
0,87,21,16,3
0,87,22,16,3
0,87,23,16,3
0,53,8,16,3
0,53,9,16,3
0,53,10,16,3
0,53,11,16,3
0,53,12,16,3
0,53,13,16,3
0,54,8,16,3
0,54,9,16,3
0,54,10,16,3
0,54,11,16,3
0,54,12,16,3
0,54,13,16,3
0,55,8,16,3
0,55,9,16,3
0,55,10,16,3
0,55,11,16,3
0,55,12,16,3
0,55,13,16,3
0,56,8,16,3
0,56,9,16,3
0,56,10,16,3
0,56,11,16,3
0,56,12,16,3
0,56,13,16,3
0,57,8,16,3
0,57,9,16,3
0,57,10,16,3
0,57,11,16,3
0,57,12,16,3
0,57,13,16,3
0,58,8,16,3
0,58,9,16,3
0,58,10,16,3
0,58,11,16,3
0,58,12,16,3
0,58,13,16,3
0,59,8,16,3
0,59,9,16,3
0,59,10,16,3
0,59,11,16,3
0,59,12,16,3
0,59,13,16,3
0,60,8,16,3
0,60,9,16,3
0,60,10,16,3
0,60,11,16,3
0,60,12,16,3
0,60,13,16,3
0,61,8,16,3
0,61,9,16,3
0,61,10,16,3
0,61,11,16,3
0,61,12,16,3
0,61,13,16,3
0,62,8,16,3
0,62,9,16,3
0,62,10,16,3
0,62,11,16,3
0,62,12,16,3
0,62,13,16,3
0,63,8,16,3
0,63,9,16,3
0,63,10,16,3
0,63,11,16,3
0,63,12,16,3
0,63,13,16,3
0,64,8,16,3
0,64,9,16,3
0,64,10,16,3
0,64,11,16,3
0,64,12,16,3
0,64,13,16,3
0,65,8,16,3
0,65,9,16,3
0,65,10,16,3
0,65,11,16,3
0,65,12,16,3
0,65,13,16,3
0,66,8,16,3
0,66,9,16,3
0,66,10,16,3
0,66,11,16,3
0,66,12,16,3
0,66,13,16,3
0,67,8,16,3
0,67,9,16,3
0,67,10,16,3
0,67,11,16,3
0,67,12,16,3
0,67,13,16,3
0,68,8,16,3
0,68,9,16,3
0,68,10,16,3
0,68,11,16,3
0,68,12,16,3
0,68,13,16,3
0,69,8,16,3
0,69,9,16,3
0,69,10,16,3
0,69,11,16,3
0,69,12,16,3
0,69,13,16,3
0,70,8,16,3
0,70,9,16,3
0,70,10,16,3
0,70,11,16,3
0,70,12,16,3
0,70,13,16,3
0,71,8,16,3
0,71,9,16,3
0,71,10,16,3
0,71,11,16,3
0,71,12,16,3
0,71,13,16,3
0,72,8,16,3
0,72,9,16,3
0,72,10,16,3
0,72,11,16,3
0,72,12,16,3
0,72,13,16,3
0,73,8,16,3
0,73,9,16,3
0,73,10,16,3
0,73,11,16,3
0,73,12,16,3
0,73,13,16,3
0,74,8,16,3
0,74,9,16,3
0,74,10,16,3
0,74,11,16,3
0,74,12,16,3
0,74,13,16,3
0,75,8,16,3
0,75,9,16,3
0,75,10,16,3
0,75,11,16,3
0,75,12,16,3
0,75,13,16,3
0,76,8,16,3
0,76,9,16,3
0,76,10,16,3
0,76,11,16,3
0,76,12,16,3
0,76,13,16,3
0,77,8,16,3
0,77,9,16,3
0,77,10,16,3
0,77,11,16,3
0,77,12,16,3
0,77,13,16,3
0,78,8,16,3
0,78,9,16,3
0,78,10,16,3
0,78,11,16,3
0,78,12,16,3
0,78,13,16,3
0,79,8,16,3
0,79,9,16,3
0,79,10,16,3
0,79,11,16,3
0,79,12,16,3
0,79,13,16,3
0,80,8,16,3
0,80,9,16,3
0,80,10,16,3
0,80,11,16,3
0,80,12,16,3
0,80,13,16,3
0,81,8,16,3
0,81,9,16,3
0,81,10,16,3
0,81,11,16,3
0,81,12,16,3
0,81,13,16,3
0,82,8,16,3
0,82,9,16,3
0,82,10,16,3
0,82,11,16,3
0,82,12,16,3
0,82,13,16,3
0,83,8,16,3
0,83,9,16,3
0,83,10,16,3
0,83,11,16,3
0,83,12,16,3
0,83,13,16,3
0,84,8,16,3
0,84,9,16,3
0,84,10,16,3
0,84,11,16,3
0,84,12,16,3
0,84,13,16,3
0,85,8,16,3
0,85,9,16,3
0,85,10,16,3
0,85,11,16,3
0,85,12,16,3
0,85,13,16,3
0,86,8,16,3
0,86,9,16,3
0,86,10,16,3
0,86,11,16,3
0,86,12,16,3
0,86,13,16,3
0,87,8,16,3
0,87,9,16,3
0,87,10,16,3
0,87,11,16,3
0,87,12,16,3
0,87,13,16,3
0,88,8,16,3
0,88,9,16,3
0,88,10,16,3
0,88,11,16,3
0,88,12,16,3
0,88,13,16,3
0,89,8,16,3
0,89,9,16,3
0,89,10,16,3
0,89,11,16,3
0,89,12,16,3
0,89,13,16,3
0,90,8,16,3
0,90,9,16,3
0,90,10,16,3
0,90,11,16,3
0,90,12,16,3
0,90,13,16,3
0,91,8,16,3
0,91,9,16,3
0,91,10,16,3
0,91,11,16,3
0,91,12,16,3
0,91,13,16,3
0,92,8,16,3
0,92,9,16,3
0,92,10,16,3
0,92,11,16,3
0,92,12,16,3
0,92,13,16,3
0,93,8,16,3
0,93,9,16,3
0,93,10,16,3
0,93,11,16,3
0,93,12,16,3
0,93,13,16,3
0,94,8,16,3
0,94,9,16,3
0,94,10,16,3
0,94,11,16,3
0,94,12,16,3
0,94,13,16,3
0,95,8,16,3
0,95,9,16,3
0,95,10,16,3
0,95,11,16,3
0,95,12,16,3
0,95,13,16,3
0,96,8,16,3
0,96,9,16,3
0,96,10,16,3
0,96,11,16,3
0,96,12,16,3
0,96,13,16,3
0,97,8,16,3
0,97,9,16,3
0,97,10,16,3
0,97,11,16,3
0,97,12,16,3
0,97,13,16,3
0,98,8,16,3
0,98,9,16,3
0,98,10,16,3
0,98,11,16,3
0,98,12,16,3
0,98,13,16,3
0,99,8,16,3
0,99,9,16,3
0,99,10,16,3
0,99,11,16,3
0,99,12,16,3
0,99,13,16,3
0,100,8,16,3
0,100,9,16,3
0,100,10,16,3
0,100,11,16,3
0,100,12,16,3
0,100,13,16,3
0,101,8,16,3
0,101,9,16,3
0,101,10,16,3
0,101,11,16,3
0,101,12,16,3
0,101,13,16,3
0,102,8,16,3
0,102,9,16,3
0,102,10,16,3
0,102,11,16,3
0,102,12,16,3
0,102,13,16,3
0,103,8,16,3
0,103,9,16,3
0,103,10,16,3
0,103,11,16,3
0,103,12,16,3
0,103,13,16,3
0,104,8,16,3
0,104,9,16,3
0,104,10,16,3
0,104,11,16,3
0,104,12,16,3
0,104,13,16,3
0,105,8,16,3
0,105,9,16,3
0,105,10,16,3
0,105,11,16,3
0,105,12,16,3
0,105,13,16,3
0,106,8,16,3
0,106,9,16,3
0,106,10,16,3
0,106,11,16,3
0,106,12,16,3
0,106,13,16,3
0,107,8,16,3
0,107,9,16,3
0,107,10,16,3
0,107,11,16,3
0,107,12,16,3
0,107,13,16,3
0,108,8,16,3
0,108,9,16,3
0,108,10,16,3
0,108,11,16,3
0,108,12,16,3
0,108,13,16,3
0,109,8,16,3
0,109,9,16,3
0,109,10,16,3
0,109,11,16,3
0,109,12,16,3
0,109,13,16,3
0,110,8,16,3
0,110,9,16,3
0,110,10,16,3
0,110,11,16,3
0,110,12,16,3
0,110,13,16,3
0,111,8,16,3
0,111,9,16,3
0,111,10,16,3
0,111,11,16,3
0,111,12,16,3
0,111,13,16,3
0,112,8,16,3
0,112,9,16,3
0,112,10,16,3
0,112,11,16,3
0,112,12,16,3
0,112,13,16,3
0,113,8,16,3
0,113,9,16,3
0,113,10,16,3
0,113,11,16,3
0,113,12,16,3
0,113,13,16,3
0,114,8,16,3
0,114,9,16,3
0,114,10,16,3
0,114,11,16,3
0,114,12,16,3
0,114,13,16,3
0,115,8,16,3
0,115,9,16,3
0,115,10,16,3
0,115,11,16,3
0,115,12,16,3
0,115,13,16,3
0,116,8,16,3
0,116,9,16,3
0,116,10,16,3
0,116,11,16,3
0,116,12,16,3
0,116,13,16,3
0,117,8,16,3
0,117,9,16,3
0,117,10,16,3
0,117,11,16,3
0,117,12,16,3
0,117,13,16,3
0,118,8,16,3
0,118,9,16,3
0,118,10,16,3
0,118,11,16,3
0,118,12,16,3
0,118,13,16,3
0,119,8,16,3
0,119,9,16,3
0,119,10,16,3
0,119,11,16,3
0,119,12,16,3
0,119,13,16,3
0,120,8,16,3
0,120,9,16,3
0,120,10,16,3
0,120,11,16,3
0,120,12,16,3
0,120,13,16,3
0,121,8,16,3
0,121,9,16,3
0,121,10,16,3
0,121,11,16,3
0,121,12,16,3
0,121,13,16,3
0,122,8,16,3
0,122,9,16,3
0,122,10,16,3
0,122,11,16,3
0,122,12,16,3
0,122,13,16,3
0,123,8,16,3
0,123,9,16,3
0,123,10,16,3
0,123,11,16,3
0,123,12,16,3
0,123,13,16,3
0,124,8,16,3
0,124,9,16,3
0,124,10,16,3
0,124,11,16,3
0,124,12,16,3
0,124,13,16,3
0,125,8,16,3
0,125,9,16,3
0,125,10,16,3
0,125,11,16,3
0,125,12,16,3
0,125,13,16,3
0,126,8,16,3
0,126,9,16,3
0,126,10,16,3
0,126,11,16,3
0,126,12,16,3
0,126,13,16,3
0,127,8,16,3
0,127,9,16,3
0,127,10,16,3
0,127,11,16,3
0,127,12,16,3
0,127,13,16,3
0,128,8,16,3
0,128,9,16,3
0,128,10,16,3
0,128,11,16,3
0,128,12,16,3
0,128,13,16,3
0,129,8,16,3
0,129,9,16,3
0,129,10,16,3
0,129,11,16,3
0,129,12,16,3
0,129,13,16,3
0,130,8,16,3
0,130,9,16,3
0,130,10,16,3
0,130,11,16,3
0,130,12,16,3
0,130,13,16,3
0,131,8,16,3
0,131,9,16,3
0,131,10,16,3
0,131,11,16,3
0,131,12,16,3
0,131,13,16,3
0,132,8,16,3
0,132,9,16,3
0,132,10,16,3
0,132,11,16,3
0,132,12,16,3
0,132,13,16,3
0,133,8,16,3
0,133,9,16,3
0,133,10,16,3
0,133,11,16,3
0,133,12,16,3
0,133,13,16,3
0,134,8,16,3
0,134,9,16,3
0,134,10,16,3
0,134,11,16,3
0,134,12,16,3
0,134,13,16,3
0,135,8,16,3
0,135,9,16,3
0,135,10,16,3
0,135,11,16,3
0,135,12,16,3
0,135,13,16,3
0,136,8,16,3
0,136,9,16,3
0,136,10,16,3
0,136,11,16,3
0,136,12,16,3
0,136,13,16,3
0,137,8,16,3
0,137,9,16,3
0,137,10,16,3
0,137,11,16,3
0,137,12,16,3
0,137,13,16,3
0,138,8,16,3
0,138,9,16,3
0,138,10,16,3
0,138,11,16,3
0,138,12,16,3
0,138,13,16,3
0,139,8,16,3
0,139,9,16,3
0,139,10,16,3
0,139,11,16,3
0,139,12,16,3
0,139,13,16,3
0,140,8,16,3
0,140,9,16,3
0,140,10,16,3
0,140,11,16,3
0,140,12,16,3
0,140,13,16,3
0,141,8,16,3
0,141,9,16,3
0,141,10,16,3
0,141,11,16,3
0,141,12,16,3
0,141,13,16,3
0,142,8,16,3
0,142,9,16,3
0,142,10,16,3
0,142,11,16,3
0,142,12,16,3
0,142,13,16,3
0,143,8,16,3
0,143,9,16,3
0,143,10,16,3
0,143,11,16,3
0,143,12,16,3
0,143,13,16,3
0,144,8,16,3
0,144,9,16,3
0,144,10,16,3
0,144,11,16,3
0,144,12,16,3
0,144,13,16,3
0,145,8,16,3
0,145,9,16,3
0,145,10,16,3
0,145,11,16,3
0,145,12,16,3
0,145,13,16,3
0,146,8,16,3
0,146,9,16,3
0,146,10,16,3
0,146,11,16,3
0,146,12,16,3
0,146,13,16,3
0,147,8,16,3
0,147,9,16,3
0,147,10,16,3
0,147,11,16,3
0,147,12,16,3
0,147,13,16,3
0,148,8,16,3
0,148,9,16,3
0,148,10,16,3
0,148,11,16,3
0,148,12,16,3
0,148,13,16,3
0,149,8,16,3
0,149,9,16,3
0,149,10,16,3
0,149,11,16,3
0,149,12,16,3
0,149,13,16,3
0,150,8,16,3
0,150,9,16,3
0,150,10,16,3
0,150,11,16,3
0,150,12,16,3
0,150,13,16,3
0,151,8,16,3
0,151,9,16,3
0,151,10,16,3
0,151,11,16,3
0,151,12,16,3
0,151,13,16,3
0,88,17,16,3
0,88,18,16,3
0,88,19,16,3
0,88,20,16,3
0,88,21,16,3
0,88,22,16,3
0,88,23,16,3
0,89,17,16,3
0,89,18,16,3
0,89,19,16,3
0,89,20,16,3
0,89,21,16,3
0,89,22,16,3
0,89,23,16,3
0,90,17,16,3
0,90,18,16,3
0,90,19,16,3
0,90,20,16,3
0,90,21,16,3
0,90,22,16,3
0,90,23,16,3
0,91,17,16,3
0,91,18,16,3
0,91,19,16,3
0,91,20,16,3
0,91,21,16,3
0,91,22,16,3
0,91,23,16,3
0,92,17,16,3
0,92,18,16,3
0,92,19,16,3
0,92,20,16,3
0,92,21,16,3
0,92,22,16,3
0,92,23,16,3
0,93,17,16,3
0,93,18,16,3
0,93,19,16,3
0,93,20,16,3
0,93,21,16,3
0,93,22,16,3
0,93,23,16,3
0,94,17,16,3
0,94,18,16,3
0,94,19,16,3
0,94,20,16,3
0,94,21,16,3
0,94,22,16,3
0,94,23,16,3
0,95,17,16,3
0,95,18,16,3
0,95,19,16,3
0,95,20,16,3
0,95,21,16,3
0,95,22,16,3
0,95,23,16,3
0,96,17,16,3
0,96,18,16,3
0,96,19,16,3
0,96,20,16,3
0,96,21,16,3
0,96,22,16,3
0,96,23,16,3
0,97,17,16,3
0,97,18,16,3
0,97,19,16,3
0,97,20,16,3
0,97,21,16,3
0,97,22,16,3
0,97,23,16,3
0,98,17,16,3
0,98,18,16,3
0,98,19,16,3
0,98,20,16,3
0,98,21,16,3
0,98,22,16,3
0,98,23,16,3
0,99,17,16,3
0,99,18,16,3
0,99,19,16,3
0,99,20,16,3
0,99,21,16,3
0,99,22,16,3
0,99,23,16,3
0,100,17,16,3
0,100,18,16,3
0,100,19,16,3
0,100,20,16,3
0,100,21,16,3
0,100,22,16,3
0,100,23,16,3
0,101,17,16,3
0,101,18,16,3
0,101,19,16,3
0,101,20,16,3
0,101,21,16,3
0,101,22,16,3
0,101,23,16,3
0,102,17,16,3
0,102,18,16,3
0,102,19,16,3
0,102,20,16,3
0,102,21,16,3
0,102,22,16,3
0,102,23,16,3
0,103,17,16,3
0,103,18,16,3
0,103,19,16,3
0,103,20,16,3
0,103,21,16,3
0,103,22,16,3
0,103,23,16,3
0,104,17,16,3
0,104,18,16,3
0,104,19,16,3
0,104,20,16,3
0,104,21,16,3
0,104,22,16,3
0,104,23,16,3
0,105,17,16,3
0,105,18,16,3
0,105,19,16,3
0,105,20,16,3
0,105,21,16,3
0,105,22,16,3
0,105,23,16,3
0,106,17,16,3
0,106,18,16,3
0,106,19,16,3
0,106,20,16,3
0,106,21,16,3
0,106,22,16,3
0,106,23,16,3
0,107,17,16,3
0,107,18,16,3
0,107,19,16,3
0,107,20,16,3
0,107,21,16,3
0,107,22,16,3
0,107,23,16,3
0,108,17,16,3
0,108,18,16,3
0,108,19,16,3
0,108,20,16,3
0,108,21,16,3
0,108,22,16,3
0,109,17,16,3
0,109,18,16,3
0,109,19,16,3
0,109,20,16,3
0,109,21,16,3
0,109,22,16,3
0,110,17,16,3
0,110,18,16,3
0,110,19,16,3
0,110,20,16,3
0,110,21,16,3
0,110,22,16,3
0,111,17,16,3
0,111,18,16,3
0,111,19,16,3
0,111,20,16,3
0,111,21,16,3
0,111,22,16,3
0,112,17,16,3
0,112,18,16,3
0,112,19,16,3
0,112,20,16,3
0,112,21,16,3
0,112,22,16,3
0,113,17,16,3
0,113,18,16,3
0,113,19,16,3
0,113,20,16,3
0,113,21,16,3
0,113,22,16,3
0,114,17,16,3
0,114,18,16,3
0,114,19,16,3
0,114,20,16,3
0,114,21,16,3
0,114,22,16,3
0,115,17,16,3
0,115,18,16,3
0,115,19,16,3
0,115,20,16,3
0,115,21,16,3
0,115,22,16,3
0,116,17,16,3
0,116,18,16,3
0,116,19,16,3
0,116,20,16,3
0,116,21,16,3
0,116,22,16,3
0,117,17,16,3
0,117,18,16,3
0,117,19,16,3
0,117,20,16,3
0,117,21,16,3
0,117,22,16,3
0,118,17,16,3
0,118,18,16,3
0,118,19,16,3
0,118,20,16,3
0,118,21,16,3
0,118,22,16,3
0,119,17,16,3
0,119,18,16,3
0,119,19,16,3
0,119,20,16,3
0,119,21,16,3
0,119,22,16,3
0,120,17,16,3
0,120,18,16,3
0,120,19,16,3
0,120,20,16,3
0,120,21,16,3
0,120,22,16,3
0,121,17,16,3
0,121,18,16,3
0,121,19,16,3
0,121,20,16,3
0,121,21,16,3
0,121,22,16,3
0,122,17,16,3
0,122,18,16,3
0,122,19,16,3
0,122,20,16,3
0,122,21,16,3
0,122,22,16,3
0,123,17,16,3
0,123,18,16,3
0,123,19,16,3
0,123,20,16,3
0,123,21,16,3
0,123,22,16,3
0,124,17,16,3
0,124,18,16,3
0,124,19,16,3
0,124,20,16,3
0,124,21,16,3
0,124,22,16,3
0,125,17,16,3
0,125,18,16,3
0,125,19,16,3
0,125,20,16,3
0,125,21,16,3
0,125,22,16,3
0,126,17,16,3
0,126,18,16,3
0,126,19,16,3
0,126,20,16,3
0,126,21,16,3
0,126,22,16,3
0,127,17,16,3
0,127,18,16,3
0,127,19,16,3
0,127,20,16,3
0,127,21,16,3
0,127,22,16,3
0,128,17,16,3
0,128,18,16,3
0,128,19,16,3
0,128,20,16,3
0,128,21,16,3
0,128,22,16,3
0,129,17,16,3
0,129,18,16,3
0,129,19,16,3
0,129,20,16,3
0,129,21,16,3
0,129,22,16,3
0,130,17,16,3
0,130,18,16,3
0,130,19,16,3
0,130,20,16,3
0,130,21,16,3
0,130,22,16,3
0,131,17,16,3
0,131,18,16,3
0,131,19,16,3
0,131,20,16,3
0,131,21,16,3
0,131,22,16,3
0,132,17,16,3
0,132,18,16,3
0,132,19,16,3
0,132,20,16,3
0,132,21,16,3
0,132,22,16,3
0,133,17,16,3
0,133,18,16,3
0,133,19,16,3
0,133,20,16,3
0,133,21,16,3
0,133,22,16,3
0,134,17,16,3
0,134,18,16,3
0,134,19,16,3
0,134,20,16,3
0,134,21,16,3
0,134,22,16,3
0,135,17,16,3
0,135,18,16,3
0,135,19,16,3
0,135,20,16,3
0,135,21,16,3
0,135,22,16,3
0,136,17,16,3
0,136,18,16,3
0,136,19,16,3
0,136,20,16,3
0,136,21,16,3
0,136,22,16,3
0,137,17,16,3
0,137,18,16,3
0,137,19,16,3
0,137,20,16,3
0,137,21,16,3
0,137,22,16,3
0,138,17,16,3
0,138,18,16,3
0,138,19,16,3
0,138,20,16,3
0,138,21,16,3
0,138,22,16,3
0,139,17,16,3
0,139,18,16,3
0,139,19,16,3
0,139,20,16,3
0,139,21,16,3
0,139,22,16,3
0,140,17,16,3
0,140,18,16,3
0,140,19,16,3
0,140,20,16,3
0,140,21,16,3
0,140,22,16,3
0,141,17,16,3
0,141,18,16,3
0,141,19,16,3
0,141,20,16,3
0,141,21,16,3
0,141,22,16,3
0,142,17,16,3
0,142,18,16,3
0,142,19,16,3
0,142,20,16,3
0,142,21,16,3
0,142,22,16,3
0,143,17,16,3
0,143,18,16,3
0,143,19,16,3
0,143,20,16,3
0,143,21,16,3
0,143,22,16,3
0,144,17,16,3
0,144,18,16,3
0,144,19,16,3
0,144,20,16,3
0,144,21,16,3
0,144,22,16,3
0,145,17,16,3
0,145,18,16,3
0,145,19,16,3
0,145,20,16,3
0,145,21,16,3
0,145,22,16,3
0,146,17,16,3
0,146,18,16,3
0,146,19,16,3
0,146,20,16,3
0,146,21,16,3
0,146,22,16,3
0,147,17,16,3
0,147,18,16,3
0,147,19,16,3
0,147,20,16,3
0,147,21,16,3
0,147,22,16,3
0,148,17,16,3
0,148,18,16,3
0,148,19,16,3
0,148,20,16,3
0,148,21,16,3
0,148,22,16,3
0,149,17,16,3
0,149,18,16,3
0,149,19,16,3
0,149,20,16,3
0,149,21,16,3
0,149,22,16,3
0,150,17,16,3
0,150,18,16,3
0,150,19,16,3
0,150,20,16,3
0,150,21,16,3
0,150,22,16,3
0,151,17,16,3
0,151,18,16,3
0,151,19,16,3
0,151,20,16,3
0,151,21,16,3
0,151,22,16,3
0,-9,-2,12,3
0,13,10,16,3
0,13,13,16,3
0,13,11,16,3
0,4,8,16,3
0,4,9,16,3
0,4,10,16,3
0,4,11,16,3
0,4,12,16,3
0,4,13,16,3
0,5,8,16,3
0,5,9,16,3
0,5,10,16,3
0,5,11,16,3
0,5,12,16,3
0,5,13,16,3
0,6,8,16,3
0,6,9,16,3
0,6,10,16,3
0,6,11,16,3
0,6,12,16,3
0,6,13,16,3
0,7,8,16,3
0,7,9,16,3
0,7,10,16,3
0,7,11,16,3
0,7,12,16,3
0,7,13,16,3
0,8,8,16,3
0,8,9,16,3
0,8,10,16,3
0,8,11,16,3
0,8,12,16,3
0,8,13,16,3
0,9,8,16,3
0,9,9,16,3
0,9,10,16,3
0,9,11,16,3
0,9,12,16,3
0,9,13,16,3
0,10,8,16,3
0,10,9,16,3
0,10,10,16,3
0,10,11,16,3
0,10,12,16,3
0,10,13,16,3
0,11,8,16,3
0,11,9,16,3
0,11,10,16,3
0,11,11,16,3
0,11,12,16,3
0,11,13,16,3
0,4,17,16,3
0,4,18,16,3
0,4,19,16,3
0,4,20,16,3
0,4,21,16,3
0,4,22,16,3
0,4,23,16,3
0,5,17,16,3
0,5,18,16,3
0,5,19,16,3
0,5,20,16,3
0,5,21,16,3
0,5,22,16,3
0,5,23,16,3
0,6,17,16,3
0,6,18,16,3
0,6,19,16,3
0,6,20,16,3
0,6,21,16,3
0,6,22,16,3
0,6,23,16,3
0,7,17,16,3
0,7,18,16,3
0,7,19,16,3
0,7,20,16,3
0,7,21,16,3
0,7,22,16,3
0,7,23,16,3
0,8,17,16,3
0,8,18,16,3
0,8,19,16,3
0,8,20,16,3
0,8,21,16,3
0,8,22,16,3
0,8,23,16,3
0,9,17,16,3
0,9,18,16,3
0,9,19,16,3
0,9,20,16,3
0,9,21,16,3
0,9,22,16,3
0,9,23,16,3
0,10,17,16,3
0,10,18,16,3
0,10,19,16,3
0,10,20,16,3
0,10,21,16,3
0,10,22,16,3
0,10,23,16,3
0,11,17,16,3
0,11,18,16,3
0,11,19,16,3
0,11,20,16,3
0,11,21,16,3
0,11,22,16,3
0,11,23,16,3
0,24,6,21,4
0,24,7,21,4
0,24,8,21,4
0,24,9,21,4
0,24,10,21,4
0,24,11,21,4
0,24,12,21,4
0,24,13,21,4
0,24,14,21,4
0,24,15,21,4
0,24,16,21,4
0,24,17,21,4
0,24,18,21,4
0,24,19,21,4
0,24,20,21,4
0,24,21,21,4
0,24,22,21,4
0,24,23,21,4
0,24,24,21,4
0,24,25,21,4
0,25,6,21,4
0,25,7,21,4
0,25,8,21,4
0,25,9,21,4
0,25,10,21,4
0,25,11,21,4
0,25,12,21,4
0,25,13,21,4
0,25,14,21,4
0,25,15,21,4
0,25,16,21,4
0,25,17,21,4
0,25,18,21,4
0,25,19,21,4
0,25,20,21,4
0,25,21,21,4
0,25,22,21,4
0,25,23,21,4
0,25,24,21,4
0,25,25,21,4
0,26,6,21,4
0,26,7,21,4
0,26,8,21,4
0,26,9,21,4
0,26,10,21,4
0,26,11,21,4
0,26,12,21,4
0,26,13,21,4
0,26,14,21,4
0,26,15,21,4
0,26,16,21,4
0,26,17,21,4
0,26,18,21,4
0,26,19,21,4
0,26,20,21,4
0,26,21,21,4
0,26,22,21,4
0,26,23,21,4
0,26,24,21,4
0,26,25,21,4
0,27,6,21,4
0,27,7,21,4
0,27,8,21,4
0,27,9,21,4
0,27,10,21,4
0,27,11,21,4
0,27,12,21,4
0,27,13,21,4
0,27,14,21,4
0,27,15,21,4
0,27,16,21,4
0,27,17,21,4
0,27,18,21,4
0,27,19,21,4
0,27,20,21,4
0,27,21,21,4
0,27,22,21,4
0,27,23,21,4
0,27,24,21,4
0,27,25,21,4
0,28,6,21,4
0,28,7,21,4
0,28,8,21,4
0,28,9,21,4
0,28,10,21,4
0,28,11,21,4
0,28,12,21,4
0,28,13,21,4
0,28,14,21,4
0,28,15,21,4
0,28,16,21,4
0,28,17,21,4
0,28,18,21,4
0,28,19,21,4
0,28,20,21,4
0,28,21,21,4
0,28,22,21,4
0,28,23,21,4
0,28,24,21,4
0,28,25,21,4
0,29,6,21,4
0,29,7,21,4
0,29,8,21,4
0,29,9,21,4
0,29,10,21,4
0,29,11,21,4
0,29,12,21,4
0,29,13,21,4
0,29,14,21,4
0,29,15,21,4
0,29,16,21,4
0,29,17,21,4
0,29,18,21,4
0,29,19,21,4
0,29,20,21,4
0,29,21,21,4
0,29,22,21,4
0,29,23,21,4
0,29,24,21,4
0,29,25,21,4
0,30,6,21,4
0,30,7,21,4
0,30,8,21,4
0,30,9,21,4
0,30,10,21,4
0,30,11,21,4
0,30,12,21,4
0,30,13,21,4
0,30,14,21,4
0,30,15,21,4
0,30,16,21,4
0,30,17,21,4
0,30,18,21,4
0,30,19,21,4
0,30,20,21,4
0,30,21,21,4
0,30,22,21,4
0,30,23,21,4
0,30,24,21,4
0,30,25,21,4
0,31,6,21,4
0,31,7,21,4
0,31,8,21,4
0,31,9,21,4
0,31,10,21,4
0,31,11,21,4
0,31,12,21,4
0,31,13,21,4
0,31,14,21,4
0,31,15,21,4
0,31,16,21,4
0,31,17,21,4
0,31,18,21,4
0,31,19,21,4
0,31,20,21,4
0,31,21,21,4
0,31,22,21,4
0,31,23,21,4
0,31,24,21,4
0,31,25,21,4
0,32,6,21,4
0,32,7,21,4
0,32,8,21,4
0,32,9,21,4
0,32,10,21,4
0,32,11,21,4
0,32,12,21,4
0,32,13,21,4
0,32,14,21,4
0,32,15,21,4
0,32,16,21,4
0,32,17,21,4
0,32,18,21,4
0,32,19,21,4
0,32,20,21,4
0,32,21,21,4
0,32,22,21,4
0,32,23,21,4
0,32,24,21,4
0,32,25,21,4
0,33,6,21,4
0,33,7,21,4
0,33,8,21,4
0,33,9,21,4
0,33,10,21,4
0,33,11,21,4
0,33,12,21,4
0,33,13,21,4
0,33,14,21,4
0,33,15,21,4
0,33,16,21,4
0,33,17,21,4
0,33,18,21,4
0,33,19,21,4
0,33,20,21,4
0,33,21,21,4
0,33,22,21,4
0,33,23,21,4
0,33,24,21,4
0,33,25,21,4
0,34,6,21,4
0,34,7,21,4
0,34,8,21,4
0,34,9,21,4
0,34,10,21,4
0,34,11,21,4
0,34,12,21,4
0,34,13,21,4
0,34,14,21,4
0,34,15,21,4
0,34,16,21,4
0,34,17,21,4
0,34,18,21,4
0,34,19,21,4
0,34,20,21,4
0,34,21,21,4
0,34,22,21,4
0,34,23,21,4
0,34,24,21,4
0,34,25,21,4
0,35,6,21,4
0,35,7,21,4
0,35,8,21,4
0,35,9,21,4
0,35,10,21,4
0,35,11,21,4
0,35,12,21,4
0,35,13,21,4
0,35,14,21,4
0,35,15,21,4
0,35,16,21,4
0,35,17,21,4
0,35,18,21,4
0,35,19,21,4
0,35,20,21,4
0,35,21,21,4
0,35,22,21,4
0,35,23,21,4
0,35,24,21,4
0,35,25,21,4
0,36,6,21,4
0,36,7,21,4
0,36,8,21,4
0,36,9,21,4
0,36,10,21,4
0,36,11,21,4
0,36,12,21,4
0,36,13,21,4
0,36,14,21,4
0,36,15,21,4
0,36,16,21,4
0,36,17,21,4
0,36,18,21,4
0,36,19,21,4
0,36,20,21,4
0,36,21,21,4
0,36,22,21,4
0,36,23,21,4
0,36,24,21,4
0,36,25,21,4
0,37,6,21,4
0,37,7,21,4
0,37,8,21,4
0,37,9,21,4
0,37,10,21,4
0,37,11,21,4
0,37,12,21,4
0,37,13,21,4
0,37,14,21,4
0,37,15,21,4
0,37,16,21,4
0,37,17,21,4
0,37,18,21,4
0,37,19,21,4
0,37,20,21,4
0,37,21,21,4
0,37,22,21,4
0,37,23,21,4
0,37,24,21,4
0,37,25,21,4
0,38,6,21,4
0,38,7,21,4
0,38,8,21,4
0,38,9,21,4
0,38,10,21,4
0,38,11,21,4
0,38,12,21,4
0,38,13,21,4
0,38,14,21,4
0,38,15,21,4
0,38,16,21,4
0,38,17,21,4
0,38,18,21,4
0,38,19,21,4
0,38,20,21,4
0,38,21,21,4
0,38,22,21,4
0,38,23,21,4
0,38,24,21,4
0,38,25,21,4
0,39,6,21,4
0,39,7,21,4
0,39,8,21,4
0,39,9,21,4
0,39,10,21,4
0,39,11,21,4
0,39,12,21,4
0,39,13,21,4
0,39,14,21,4
0,39,15,21,4
0,39,16,21,4
0,39,17,21,4
0,39,18,21,4
0,39,19,21,4
0,39,20,21,4
0,39,21,21,4
0,39,22,21,4
0,39,23,21,4
0,39,24,21,4
0,39,25,21,4
0,40,6,21,4
0,40,7,21,4
0,40,8,21,4
0,40,9,21,4
0,40,10,21,4
0,40,11,21,4
0,40,12,21,4
0,40,13,21,4
0,40,14,21,4
0,40,15,21,4
0,40,16,21,4
0,40,17,21,4
0,40,18,21,4
0,40,19,21,4
0,40,20,21,4
0,40,21,21,4
0,40,22,21,4
0,40,23,21,4
0,40,24,21,4
0,40,25,21,4
0,41,6,21,4
0,41,7,21,4
0,41,8,21,4
0,41,9,21,4
0,41,10,21,4
0,41,11,21,4
0,41,12,21,4
0,41,13,21,4
0,41,14,21,4
0,41,15,21,4
0,41,16,21,4
0,41,17,21,4
0,41,18,21,4
0,41,19,21,4
0,41,20,21,4
0,41,21,21,4
0,41,22,21,4
0,41,23,21,4
0,41,24,21,4
0,41,25,21,4
0,42,6,21,4
0,42,7,21,4
0,42,8,21,4
0,42,9,21,4
0,42,10,21,4
0,42,11,21,4
0,42,12,21,4
0,42,13,21,4
0,42,14,21,4
0,42,15,21,4
0,42,16,21,4
0,42,17,21,4
0,42,18,21,4
0,42,19,21,4
0,42,20,21,4
0,42,21,21,4
0,42,22,21,4
0,42,23,21,4
0,42,24,21,4
0,42,25,21,4
0,43,6,21,4
0,43,7,21,4
0,43,8,21,4
0,43,9,21,4
0,43,10,21,4
0,43,11,21,4
0,43,12,21,4
0,43,13,21,4
0,43,14,21,4
0,43,15,21,4
0,43,16,21,4
0,43,17,21,4
0,43,18,21,4
0,43,19,21,4
0,43,20,21,4
0,43,21,21,4
0,43,22,21,4
0,43,23,21,4
0,43,24,21,4
0,43,25,21,4
0,44,6,21,4
0,44,7,21,4
0,44,8,21,4
0,44,9,21,4
0,44,10,21,4
0,44,11,21,4
0,44,12,21,4
0,44,13,21,4
0,44,14,21,4
0,44,15,21,4
0,44,16,21,4
0,44,17,21,4
0,44,18,21,4
0,44,19,21,4
0,44,20,21,4
0,44,21,21,4
0,44,22,21,4
0,44,23,21,4
0,44,24,21,4
0,44,25,21,4
0,45,6,21,4
0,45,7,21,4
0,45,8,21,4
0,45,9,21,4
0,45,10,21,4
0,45,11,21,4
0,45,12,21,4
0,45,13,21,4
0,45,14,21,4
0,45,15,21,4
0,45,16,21,4
0,45,17,21,4
0,45,18,21,4
0,45,19,21,4
0,45,20,21,4
0,45,21,21,4
0,45,22,21,4
0,45,23,21,4
0,45,24,21,4
0,45,25,21,4
0,46,6,21,4
0,46,7,21,4
0,46,8,21,4
0,46,9,21,4
0,46,10,21,4
0,46,11,21,4
0,46,12,21,4
0,46,13,21,4
0,46,14,21,4
0,46,15,21,4
0,46,16,21,4
0,46,17,21,4
0,46,18,21,4
0,46,19,21,4
0,46,20,21,4
0,46,21,21,4
0,46,22,21,4
0,46,23,21,4
0,46,24,21,4
0,46,25,21,4
0,47,6,21,4
0,47,7,21,4
0,47,8,21,4
0,47,9,21,4
0,47,10,21,4
0,47,11,21,4
0,47,12,21,4
0,47,13,21,4
0,47,14,21,4
0,47,15,21,4
0,47,16,21,4
0,47,17,21,4
0,47,18,21,4
0,47,19,21,4
0,47,20,21,4
0,47,21,21,4
0,47,22,21,4
0,47,23,21,4
0,47,24,21,4
0,47,25,21,4
0,48,6,21,4
0,48,7,21,4
0,48,8,21,4
0,48,9,21,4
0,48,10,21,4
0,48,11,21,4
0,48,12,21,4
0,48,13,21,4
0,48,14,21,4
0,48,15,21,4
0,48,16,21,4
0,48,17,21,4
0,48,18,21,4
0,48,19,21,4
0,48,20,21,4
0,48,21,21,4
0,48,22,21,4
0,48,23,21,4
0,48,24,21,4
0,48,25,21,4
0,49,6,21,4
0,49,7,21,4
0,49,8,21,4
0,49,9,21,4
0,49,10,21,4
0,49,11,21,4
0,49,12,21,4
0,49,13,21,4
0,49,14,21,4
0,49,15,21,4
0,49,16,21,4
0,49,17,21,4
0,49,18,21,4
0,49,19,21,4
0,49,20,21,4
0,49,21,21,4
0,49,22,21,4
0,49,23,21,4
0,49,24,21,4
0,49,25,21,4
0,50,6,21,4
0,50,7,21,4
0,50,8,21,4
0,50,9,21,4
0,50,10,21,4
0,50,11,21,4
0,50,12,21,4
0,50,13,21,4
0,50,14,21,4
0,50,15,21,4
0,50,16,21,4
0,50,17,21,4
0,50,18,21,4
0,50,19,21,4
0,50,20,21,4
0,50,21,21,4
0,50,22,21,4
0,50,23,21,4
0,50,24,21,4
0,50,25,21,4
0,51,6,21,4
0,51,7,21,4
0,51,8,21,4
0,51,9,21,4
0,51,10,21,4
0,51,11,21,4
0,51,12,21,4
0,51,13,21,4
0,51,14,21,4
0,51,15,21,4
0,51,16,21,4
0,51,17,21,4
0,51,18,21,4
0,51,19,21,4
0,51,20,21,4
0,51,21,21,4
0,51,22,21,4
0,51,23,21,4
0,51,24,21,4
0,51,25,21,4
0,52,6,21,4
0,52,7,21,4
0,52,8,21,4
0,52,9,21,4
0,52,10,21,4
0,52,11,21,4
0,52,12,21,4
0,52,13,21,4
0,52,14,21,4
0,52,15,21,4
0,52,16,21,4
0,52,17,21,4
0,52,18,21,4
0,52,19,21,4
0,52,20,21,4
0,52,21,21,4
0,52,22,21,4
0,52,23,21,4
0,52,24,21,4
0,52,25,21,4
0,53,6,21,4
0,53,7,21,4
0,53,8,21,4
0,53,9,21,4
0,53,10,21,4
0,53,11,21,4
0,53,12,21,4
0,53,13,21,4
0,53,14,21,4
0,53,15,21,4
0,53,16,21,4
0,53,17,21,4
0,53,18,21,4
0,53,19,21,4
0,53,20,21,4
0,53,21,21,4
0,53,22,21,4
0,53,23,21,4
0,53,24,21,4
0,53,25,21,4
0,54,6,21,4
0,54,7,21,4
0,54,8,21,4
0,54,9,21,4
0,54,10,21,4
0,54,11,21,4
0,54,12,21,4
0,54,13,21,4
0,54,14,21,4
0,54,15,21,4
0,54,16,21,4
0,54,17,21,4
0,54,18,21,4
0,54,19,21,4
0,54,20,21,4
0,54,21,21,4
0,54,22,21,4
0,54,23,21,4
0,54,24,21,4
0,54,25,21,4
0,55,6,21,4
0,55,7,21,4
0,55,8,21,4
0,55,9,21,4
0,55,10,21,4
0,55,11,21,4
0,55,12,21,4
0,55,13,21,4
0,55,14,21,4
0,55,15,21,4
0,55,16,21,4
0,55,17,21,4
0,55,18,21,4
0,55,19,21,4
0,55,20,21,4
0,55,21,21,4
0,55,22,21,4
0,55,23,21,4
0,55,24,21,4
0,55,25,21,4
0,56,6,21,4
0,56,7,21,4
0,56,8,21,4
0,56,9,21,4
0,56,10,21,4
0,56,11,21,4
0,56,12,21,4
0,56,13,21,4
0,56,14,21,4
0,56,15,21,4
0,56,16,21,4
0,56,17,21,4
0,56,18,21,4
0,56,19,21,4
0,56,20,21,4
0,56,21,21,4
0,56,22,21,4
0,56,23,21,4
0,56,24,21,4
0,56,25,21,4
0,57,6,21,4
0,57,7,21,4
0,57,8,21,4
0,57,9,21,4
0,57,10,21,4
0,57,11,21,4
0,57,12,21,4
0,57,13,21,4
0,57,14,21,4
0,57,15,21,4
0,57,16,21,4
0,57,17,21,4
0,57,18,21,4
0,57,19,21,4
0,57,20,21,4
0,57,21,21,4
0,57,22,21,4
0,57,23,21,4
0,57,24,21,4
0,57,25,21,4
0,58,6,21,4
0,58,7,21,4
0,58,8,21,4
0,58,9,21,4
0,58,10,21,4
0,58,11,21,4
0,58,12,21,4
0,58,13,21,4
0,58,14,21,4
0,58,15,21,4
0,58,16,21,4
0,58,17,21,4
0,58,18,21,4
0,58,19,21,4
0,58,20,21,4
0,58,21,21,4
0,58,22,21,4
0,58,23,21,4
0,58,24,21,4
0,58,25,21,4
0,59,6,21,4
0,59,7,21,4
0,59,8,21,4
0,59,9,21,4
0,59,10,21,4
0,59,11,21,4
0,59,12,21,4
0,59,13,21,4
0,59,14,21,4
0,59,15,21,4
0,59,16,21,4
0,59,17,21,4
0,59,18,21,4
0,59,19,21,4
0,59,20,21,4
0,59,21,21,4
0,59,22,21,4
0,59,23,21,4
0,59,24,21,4
0,59,25,21,4
0,60,6,21,4
0,60,7,21,4
0,60,8,21,4
0,60,9,21,4
0,60,10,21,4
0,60,11,21,4
0,60,12,21,4
0,60,13,21,4
0,60,14,21,4
0,60,15,21,4
0,60,16,21,4
0,60,17,21,4
0,60,18,21,4
0,60,19,21,4
0,60,20,21,4
0,60,21,21,4
0,60,22,21,4
0,60,23,21,4
0,60,24,21,4
0,60,25,21,4
0,61,6,21,4
0,61,7,21,4
0,61,8,21,4
0,61,9,21,4
0,61,10,21,4
0,61,11,21,4
0,61,12,21,4
0,61,13,21,4
0,61,14,21,4
0,61,15,21,4
0,61,16,21,4
0,61,17,21,4
0,61,18,21,4
0,61,19,21,4
0,61,20,21,4
0,61,21,21,4
0,61,22,21,4
0,61,23,21,4
0,61,24,21,4
0,61,25,21,4
0,0,6,21,4
0,0,7,21,4
0,0,8,21,4
0,0,9,21,4
0,0,10,21,4
0,0,11,21,4
0,0,12,21,4
0,0,13,21,4
0,0,14,21,4
0,0,15,21,4
0,0,16,21,4
0,0,17,21,4
0,0,18,21,4
0,0,19,21,4
0,0,20,21,4
0,0,21,21,4
0,0,22,21,4
0,0,23,21,4
0,0,24,21,4
0,0,25,21,4
0,1,6,21,4
0,1,7,21,4
0,1,8,21,4
0,1,9,21,4
0,1,10,21,4
0,1,11,21,4
0,1,12,21,4
0,1,13,21,4
0,1,14,21,4
0,1,15,21,4
0,1,16,21,4
0,1,17,21,4
0,1,18,21,4
0,1,19,21,4
0,1,20,21,4
0,1,21,21,4
0,1,22,21,4
0,1,23,21,4
0,1,24,21,4
0,1,25,21,4
0,2,6,21,4
0,2,7,21,4
0,2,8,21,4
0,2,9,21,4
0,2,10,21,4
0,2,11,21,4
0,2,12,21,4
0,2,13,21,4
0,2,14,21,4
0,2,15,21,4
0,2,16,21,4
0,2,17,21,4
0,2,18,21,4
0,2,19,21,4
0,2,20,21,4
0,2,21,21,4
0,2,22,21,4
0,2,23,21,4
0,2,24,21,4
0,2,25,21,4
0,3,6,21,4
0,3,7,21,4
0,3,8,21,4
0,3,9,21,4
0,3,10,21,4
0,3,11,21,4
0,3,12,21,4
0,3,13,21,4
0,3,14,21,4
0,3,15,21,4
0,3,16,21,4
0,3,17,21,4
0,3,18,21,4
0,3,19,21,4
0,3,20,21,4
0,3,21,21,4
0,3,22,21,4
0,3,23,21,4
0,3,24,21,4
0,3,25,21,4
0,4,6,21,4
0,4,7,21,4
0,4,8,21,4
0,4,9,21,4
0,4,10,21,4
0,4,11,21,4
0,4,12,21,4
0,4,13,21,4
0,4,14,21,4
0,4,15,21,4
0,4,16,21,4
0,4,17,21,4
0,4,18,21,4
0,4,19,21,4
0,4,20,21,4
0,4,21,21,4
0,4,22,21,4
0,4,23,21,4
0,4,24,21,4
0,4,25,21,4
0,5,6,21,4
0,5,7,21,4
0,5,8,21,4
0,5,9,21,4
0,5,10,21,4
0,5,11,21,4
0,5,12,21,4
0,5,13,21,4
0,5,14,21,4
0,5,15,21,4
0,5,16,21,4
0,5,17,21,4
0,5,18,21,4
0,5,19,21,4
0,5,20,21,4
0,5,21,21,4
0,5,22,21,4
0,5,23,21,4
0,5,24,21,4
0,5,25,21,4
0,6,6,21,4
0,6,7,21,4
0,6,8,21,4
0,6,9,21,4
0,6,10,21,4
0,6,11,21,4
0,6,12,21,4
0,6,13,21,4
0,6,14,21,4
0,6,15,21,4
0,6,16,21,4
0,6,17,21,4
0,6,18,21,4
0,6,19,21,4
0,6,20,21,4
0,6,21,21,4
0,6,22,21,4
0,6,23,21,4
0,6,24,21,4
0,6,25,21,4
0,7,6,21,4
0,7,7,21,4
0,7,8,21,4
0,7,9,21,4
0,7,10,21,4
0,7,11,21,4
0,7,12,21,4
0,7,13,21,4
0,7,14,21,4
0,7,15,21,4
0,7,16,21,4
0,7,17,21,4
0,7,18,21,4
0,7,19,21,4
0,7,20,21,4
0,7,21,21,4
0,7,22,21,4
0,7,23,21,4
0,7,24,21,4
0,7,25,21,4
0,8,6,21,4
0,8,7,21,4
0,8,8,21,4
0,8,9,21,4
0,8,10,21,4
0,8,11,21,4
0,8,12,21,4
0,8,13,21,4
0,8,14,21,4
0,8,15,21,4
0,8,16,21,4
0,8,17,21,4
0,8,18,21,4
0,8,19,21,4
0,8,20,21,4
0,8,21,21,4
0,8,22,21,4
0,8,23,21,4
0,8,24,21,4
0,8,25,21,4
0,9,6,21,4
0,9,7,21,4
0,9,8,21,4
0,9,9,21,4
0,9,10,21,4
0,9,11,21,4
0,9,12,21,4
0,9,13,21,4
0,9,14,21,4
0,9,15,21,4
0,9,16,21,4
0,9,17,21,4
0,9,18,21,4
0,9,19,21,4
0,9,20,21,4
0,9,21,21,4
0,9,22,21,4
0,9,23,21,4
0,9,24,21,4
0,9,25,21,4
0,10,6,21,4
0,10,7,21,4
0,10,8,21,4
0,10,9,21,4
0,10,10,21,4
0,10,11,21,4
0,10,12,21,4
0,10,13,21,4
0,10,14,21,4
0,10,15,21,4
0,10,16,21,4
0,10,17,21,4
0,10,18,21,4
0,10,19,21,4
0,10,20,21,4
0,10,21,21,4
0,10,22,21,4
0,10,23,21,4
0,10,24,21,4
0,10,25,21,4
0,11,6,21,4
0,11,7,21,4
0,11,8,21,4
0,11,9,21,4
0,11,10,21,4
0,11,11,21,4
0,11,12,21,4
0,11,13,21,4
0,11,14,21,4
0,11,15,21,4
0,11,16,21,4
0,11,17,21,4
0,11,18,21,4
0,11,19,21,4
0,11,20,21,4
0,11,21,21,4
0,11,22,21,4
0,11,23,21,4
0,11,24,21,4
0,11,25,21,4
0,12,6,21,4
0,12,7,21,4
0,12,8,21,4
0,12,9,21,4
0,12,10,21,4
0,12,11,21,4
0,12,12,21,4
0,12,13,21,4
0,12,14,21,4
0,12,15,21,4
0,12,16,21,4
0,12,17,21,4
0,12,18,21,4
0,12,19,21,4
0,12,20,21,4
0,12,21,21,4
0,12,22,21,4
0,12,23,21,4
0,12,24,21,4
0,12,25,21,4
0,13,6,21,4
0,13,7,21,4
0,13,8,21,4
0,13,9,21,4
0,13,10,21,4
0,13,11,21,4
0,13,12,21,4
0,13,13,21,4
0,13,14,21,4
0,13,15,21,4
0,13,16,21,4
0,13,17,21,4
0,13,18,21,4
0,13,19,21,4
0,13,20,21,4
0,13,21,21,4
0,13,22,21,4
0,13,23,21,4
0,13,24,21,4
0,13,25,21,4
0,14,6,21,4
0,14,7,21,4
0,14,8,21,4
0,14,9,21,4
0,14,10,21,4
0,14,11,21,4
0,14,12,21,4
0,14,13,21,4
0,14,14,21,4
0,14,15,21,4
0,14,16,21,4
0,14,17,21,4
0,14,18,21,4
0,14,19,21,4
0,14,20,21,4
0,14,21,21,4
0,14,22,21,4
0,14,23,21,4
0,14,24,21,4
0,14,25,21,4
0,15,6,21,4
0,15,7,21,4
0,15,8,21,4
0,15,9,21,4
0,15,10,21,4
0,15,11,21,4
0,15,12,21,4
0,15,13,21,4
0,15,14,21,4
0,15,15,21,4
0,15,16,21,4
0,15,17,21,4
0,15,18,21,4
0,15,19,21,4
0,15,20,21,4
0,15,21,21,4
0,15,22,21,4
0,15,23,21,4
0,15,24,21,4
0,15,25,21,4
0,16,6,21,4
0,16,7,21,4
0,16,8,21,4
0,16,9,21,4
0,16,10,21,4
0,16,11,21,4
0,16,12,21,4
0,16,13,21,4
0,16,14,21,4
0,16,15,21,4
0,16,16,21,4
0,16,17,21,4
0,16,18,21,4
0,16,19,21,4
0,16,20,21,4
0,16,21,21,4
0,16,22,21,4
0,16,23,21,4
0,16,24,21,4
0,16,25,21,4
0,17,6,21,4
0,17,7,21,4
0,17,8,21,4
0,17,9,21,4
0,17,10,21,4
0,17,11,21,4
0,17,12,21,4
0,17,13,21,4
0,17,14,21,4
0,17,15,21,4
0,17,16,21,4
0,17,17,21,4
0,17,18,21,4
0,17,19,21,4
0,17,20,21,4
0,17,21,21,4
0,17,22,21,4
0,17,23,21,4
0,17,24,21,4
0,17,25,21,4
0,18,6,21,4
0,18,7,21,4
0,18,8,21,4
0,18,9,21,4
0,18,10,21,4
0,18,11,21,4
0,18,12,21,4
0,18,13,21,4
0,18,14,21,4
0,18,15,21,4
0,18,16,21,4
0,18,17,21,4
0,18,18,21,4
0,18,19,21,4
0,18,20,21,4
0,18,21,21,4
0,18,22,21,4
0,18,23,21,4
0,18,24,21,4
0,18,25,21,4
0,19,6,21,4
0,19,7,21,4
0,19,8,21,4
0,19,9,21,4
0,19,10,21,4
0,19,11,21,4
0,19,12,21,4
0,19,13,21,4
0,19,14,21,4
0,19,15,21,4
0,19,16,21,4
0,19,17,21,4
0,19,18,21,4
0,19,19,21,4
0,19,20,21,4
0,19,21,21,4
0,19,22,21,4
0,19,23,21,4
0,19,24,21,4
0,19,25,21,4
0,20,6,21,4
0,20,7,21,4
0,20,8,21,4
0,20,9,21,4
0,20,10,21,4
0,20,11,21,4
0,20,12,21,4
0,20,13,21,4
0,20,14,21,4
0,20,15,21,4
0,20,16,21,4
0,20,17,21,4
0,20,18,21,4
0,20,19,21,4
0,20,20,21,4
0,20,21,21,4
0,20,22,21,4
0,20,23,21,4
0,20,24,21,4
0,20,25,21,4
0,21,6,21,4
0,21,7,21,4
0,21,8,21,4
0,21,9,21,4
0,21,10,21,4
0,21,11,21,4
0,21,12,21,4
0,21,13,21,4
0,21,14,21,4
0,21,15,21,4
0,21,16,21,4
0,21,17,21,4
0,21,18,21,4
0,21,19,21,4
0,21,20,21,4
0,21,21,21,4
0,21,22,21,4
0,21,23,21,4
0,21,24,21,4
0,21,25,21,4
0,22,6,21,4
0,22,7,21,4
0,22,8,21,4
0,22,9,21,4
0,22,10,21,4
0,22,11,21,4
0,22,12,21,4
0,22,13,21,4
0,22,14,21,4
0,22,15,21,4
0,22,16,21,4
0,22,17,21,4
0,22,18,21,4
0,22,19,21,4
0,22,20,21,4
0,22,21,21,4
0,22,22,21,4
0,22,23,21,4
0,22,24,21,4
0,22,25,21,4
0,23,6,21,4
0,23,7,21,4
0,23,8,21,4
0,23,9,21,4
0,23,10,21,4
0,23,11,21,4
0,23,12,21,4
0,23,13,21,4
0,23,14,21,4
0,23,15,21,4
0,23,16,21,4
0,23,17,21,4
0,23,18,21,4
0,23,19,21,4
0,23,20,21,4
0,23,21,21,4
0,23,22,21,4
0,23,23,21,4
0,23,24,21,4
0,23,25,21,4
0,62,6,21,4
0,62,7,21,4
0,62,8,21,4
0,62,9,21,4
0,62,10,21,4
0,62,11,21,4
0,62,12,21,4
0,62,13,21,4
0,62,14,21,4
0,62,15,21,4
0,62,16,21,4
0,62,17,21,4
0,62,18,21,4
0,62,19,21,4
0,62,20,21,4
0,62,21,21,4
0,62,22,21,4
0,62,23,21,4
0,62,24,21,4
0,62,25,21,4
0,63,6,21,4
0,63,7,21,4
0,63,8,21,4
0,63,9,21,4
0,63,10,21,4
0,63,11,21,4
0,63,12,21,4
0,63,13,21,4
0,63,14,21,4
0,63,15,21,4
0,63,16,21,4
0,63,17,21,4
0,63,18,21,4
0,63,19,21,4
0,63,20,21,4
0,63,21,21,4
0,63,22,21,4
0,63,23,21,4
0,63,24,21,4
0,63,25,21,4
0,64,6,21,4
0,64,7,21,4
0,64,8,21,4
0,64,9,21,4
0,64,10,21,4
0,64,11,21,4
0,64,12,21,4
0,64,13,21,4
0,64,14,21,4
0,64,15,21,4
0,64,16,21,4
0,64,17,21,4
0,64,18,21,4
0,64,19,21,4
0,64,20,21,4
0,64,21,21,4
0,64,22,21,4
0,64,23,21,4
0,64,24,21,4
0,64,25,21,4
0,65,6,21,4
0,65,7,21,4
0,65,8,21,4
0,65,9,21,4
0,65,10,21,4
0,65,11,21,4
0,65,12,21,4
0,65,13,21,4
0,65,14,21,4
0,65,15,21,4
0,65,16,21,4
0,65,17,21,4
0,65,18,21,4
0,65,19,21,4
0,65,20,21,4
0,65,21,21,4
0,65,22,21,4
0,65,23,21,4
0,65,24,21,4
0,65,25,21,4
0,66,6,21,4
0,66,7,21,4
0,66,8,21,4
0,66,9,21,4
0,66,10,21,4
0,66,11,21,4
0,66,12,21,4
0,66,13,21,4
0,66,14,21,4
0,66,15,21,4
0,66,16,21,4
0,66,17,21,4
0,66,18,21,4
0,66,19,21,4
0,66,20,21,4
0,66,21,21,4
0,66,22,21,4
0,66,23,21,4
0,66,24,21,4
0,66,25,21,4
0,67,6,21,4
0,67,7,21,4
0,67,8,21,4
0,67,9,21,4
0,67,10,21,4
0,67,11,21,4
0,67,12,21,4
0,67,13,21,4
0,67,14,21,4
0,67,15,21,4
0,67,16,21,4
0,67,17,21,4
0,67,18,21,4
0,67,19,21,4
0,67,20,21,4
0,67,21,21,4
0,67,22,21,4
0,67,23,21,4
0,67,24,21,4
0,67,25,21,4
0,68,6,21,4
0,68,7,21,4
0,68,8,21,4
0,68,9,21,4
0,68,10,21,4
0,68,11,21,4
0,68,12,21,4
0,68,13,21,4
0,68,14,21,4
0,68,15,21,4
0,68,16,21,4
0,68,17,21,4
0,68,18,21,4
0,68,19,21,4
0,68,20,21,4
0,68,21,21,4
0,68,22,21,4
0,68,23,21,4
0,68,24,21,4
0,68,25,21,4
0,69,6,21,4
0,69,7,21,4
0,69,8,21,4
0,69,9,21,4
0,69,10,21,4
0,69,11,21,4
0,69,12,21,4
0,69,13,21,4
0,69,14,21,4
0,69,15,21,4
0,69,16,21,4
0,69,17,21,4
0,69,18,21,4
0,69,19,21,4
0,69,20,21,4
0,69,21,21,4
0,69,22,21,4
0,69,23,21,4
0,69,24,21,4
0,69,25,21,4
0,70,6,21,4
0,70,7,21,4
0,70,8,21,4
0,70,9,21,4
0,70,10,21,4
0,70,11,21,4
0,70,12,21,4
0,70,13,21,4
0,70,14,21,4
0,70,15,21,4
0,70,16,21,4
0,70,17,21,4
0,70,18,21,4
0,70,19,21,4
0,70,20,21,4
0,70,21,21,4
0,70,22,21,4
0,70,23,21,4
0,70,24,21,4
0,70,25,21,4
0,71,6,21,4
0,71,7,21,4
0,71,8,21,4
0,71,9,21,4
0,71,10,21,4
0,71,11,21,4
0,71,12,21,4
0,71,13,21,4
0,71,14,21,4
0,71,15,21,4
0,71,16,21,4
0,71,17,21,4
0,71,18,21,4
0,71,19,21,4
0,71,20,21,4
0,71,21,21,4
0,71,22,21,4
0,71,23,21,4
0,71,24,21,4
0,71,25,21,4
0,72,6,21,4
0,72,7,21,4
0,72,8,21,4
0,72,9,21,4
0,72,10,21,4
0,72,11,21,4
0,72,12,21,4
0,72,13,21,4
0,72,14,21,4
0,72,15,21,4
0,72,16,21,4
0,72,17,21,4
0,72,18,21,4
0,72,19,21,4
0,72,20,21,4
0,72,21,21,4
0,72,22,21,4
0,72,23,21,4
0,72,24,21,4
0,72,25,21,4
0,73,6,21,4
0,73,7,21,4
0,73,8,21,4
0,73,9,21,4
0,73,10,21,4
0,73,11,21,4
0,73,12,21,4
0,73,13,21,4
0,73,14,21,4
0,73,15,21,4
0,73,16,21,4
0,73,17,21,4
0,73,18,21,4
0,73,19,21,4
0,73,20,21,4
0,73,21,21,4
0,73,22,21,4
0,73,23,21,4
0,73,24,21,4
0,73,25,21,4
0,74,6,21,4
0,74,7,21,4
0,74,8,21,4
0,74,9,21,4
0,74,10,21,4
0,74,11,21,4
0,74,12,21,4
0,74,13,21,4
0,74,14,21,4
0,74,15,21,4
0,74,16,21,4
0,74,17,21,4
0,74,18,21,4
0,74,19,21,4
0,74,20,21,4
0,74,21,21,4
0,74,22,21,4
0,74,23,21,4
0,74,24,21,4
0,74,25,21,4
0,75,6,21,4
0,75,7,21,4
0,75,8,21,4
0,75,9,21,4
0,75,10,21,4
0,75,11,21,4
0,75,12,21,4
0,75,13,21,4
0,75,14,21,4
0,75,15,21,4
0,75,16,21,4
0,75,17,21,4
0,75,18,21,4
0,75,19,21,4
0,75,20,21,4
0,75,21,21,4
0,75,22,21,4
0,75,23,21,4
0,75,24,21,4
0,75,25,21,4
0,76,6,21,4
0,76,7,21,4
0,76,8,21,4
0,76,9,21,4
0,76,10,21,4
0,76,11,21,4
0,76,12,21,4
0,76,13,21,4
0,76,14,21,4
0,76,15,21,4
0,76,16,21,4
0,76,17,21,4
0,76,18,21,4
0,76,19,21,4
0,76,20,21,4
0,76,21,21,4
0,76,22,21,4
0,76,23,21,4
0,76,24,21,4
0,76,25,21,4
0,77,6,21,4
0,77,7,21,4
0,77,8,21,4
0,77,9,21,4
0,77,10,21,4
0,77,11,21,4
0,77,12,21,4
0,77,13,21,4
0,77,14,21,4
0,77,15,21,4
0,77,16,21,4
0,77,17,21,4
0,77,18,21,4
0,77,19,21,4
0,77,20,21,4
0,77,21,21,4
0,77,22,21,4
0,77,23,21,4
0,77,24,21,4
0,77,25,21,4
0,78,6,21,4
0,78,7,21,4
0,78,8,21,4
0,78,9,21,4
0,78,10,21,4
0,78,11,21,4
0,78,12,21,4
0,78,13,21,4
0,78,14,21,4
0,78,15,21,4
0,78,16,21,4
0,78,17,21,4
0,78,18,21,4
0,78,19,21,4
0,78,20,21,4
0,78,21,21,4
0,78,22,21,4
0,78,23,21,4
0,78,24,21,4
0,78,25,21,4
0,79,6,21,4
0,79,7,21,4
0,79,8,21,4
0,79,9,21,4
0,79,10,21,4
0,79,11,21,4
0,79,12,21,4
0,79,13,21,4
0,79,14,21,4
0,79,15,21,4
0,79,16,21,4
0,79,17,21,4
0,79,18,21,4
0,79,19,21,4
0,79,20,21,4
0,79,21,21,4
0,79,22,21,4
0,79,23,21,4
0,79,24,21,4
0,79,25,21,4
0,80,6,21,4
0,80,7,21,4
0,80,8,21,4
0,80,9,21,4
0,80,10,21,4
0,80,11,21,4
0,80,12,21,4
0,80,13,21,4
0,80,14,21,4
0,80,15,21,4
0,80,16,21,4
0,80,17,21,4
0,80,18,21,4
0,80,19,21,4
0,80,20,21,4
0,80,21,21,4
0,80,22,21,4
0,80,23,21,4
0,80,24,21,4
0,80,25,21,4
0,81,6,21,4
0,81,7,21,4
0,81,8,21,4
0,81,9,21,4
0,81,10,21,4
0,81,11,21,4
0,81,12,21,4
0,81,13,21,4
0,81,14,21,4
0,81,15,21,4
0,81,16,21,4
0,81,17,21,4
0,81,18,21,4
0,81,19,21,4
0,81,20,21,4
0,81,21,21,4
0,81,22,21,4
0,81,23,21,4
0,81,24,21,4
0,81,25,21,4
0,82,6,21,4
0,82,7,21,4
0,82,8,21,4
0,82,9,21,4
0,82,10,21,4
0,82,11,21,4
0,82,12,21,4
0,82,13,21,4
0,82,14,21,4
0,82,15,21,4
0,82,16,21,4
0,82,17,21,4
0,82,18,21,4
0,82,19,21,4
0,82,20,21,4
0,82,21,21,4
0,82,22,21,4
0,82,23,21,4
0,82,24,21,4
0,82,25,21,4
0,83,6,21,4
0,83,7,21,4
0,83,8,21,4
0,83,9,21,4
0,83,10,21,4
0,83,11,21,4
0,83,12,21,4
0,83,13,21,4
0,83,14,21,4
0,83,15,21,4
0,83,16,21,4
0,83,17,21,4
0,83,18,21,4
0,83,19,21,4
0,83,20,21,4
0,83,21,21,4
0,83,22,21,4
0,83,23,21,4
0,83,24,21,4
0,83,25,21,4
0,84,6,21,4
0,84,7,21,4
0,84,8,21,4
0,84,9,21,4
0,84,10,21,4
0,84,11,21,4
0,84,12,21,4
0,84,13,21,4
0,84,14,21,4
0,84,15,21,4
0,84,16,21,4
0,84,17,21,4
0,84,18,21,4
0,84,19,21,4
0,84,20,21,4
0,84,21,21,4
0,84,22,21,4
0,84,23,21,4
0,84,24,21,4
0,84,25,21,4
0,85,6,21,4
0,85,7,21,4
0,85,8,21,4
0,85,9,21,4
0,85,10,21,4
0,85,11,21,4
0,85,12,21,4
0,85,13,21,4
0,85,14,21,4
0,85,15,21,4
0,85,16,21,4
0,85,17,21,4
0,85,18,21,4
0,85,19,21,4
0,85,20,21,4
0,85,21,21,4
0,85,22,21,4
0,85,23,21,4
0,85,24,21,4
0,85,25,21,4
0,86,6,21,4
0,86,7,21,4
0,86,8,21,4
0,86,9,21,4
0,86,10,21,4
0,86,11,21,4
0,86,12,21,4
0,86,13,21,4
0,86,14,21,4
0,86,15,21,4
0,86,16,21,4
0,86,17,21,4
0,86,18,21,4
0,86,19,21,4
0,86,20,21,4
0,86,21,21,4
0,86,22,21,4
0,86,23,21,4
0,86,24,21,4
0,86,25,21,4
0,87,6,21,4
0,87,7,21,4
0,87,8,21,4
0,87,9,21,4
0,87,10,21,4
0,87,11,21,4
0,87,12,21,4
0,87,13,21,4
0,87,14,21,4
0,87,15,21,4
0,87,16,21,4
0,87,17,21,4
0,87,18,21,4
0,87,19,21,4
0,87,20,21,4
0,87,21,21,4
0,87,22,21,4
0,87,23,21,4
0,87,24,21,4
0,87,25,21,4
0,88,6,21,4
0,88,7,21,4
0,88,8,21,4
0,88,9,21,4
0,88,10,21,4
0,88,11,21,4
0,88,12,21,4
0,88,13,21,4
0,88,14,21,4
0,88,15,21,4
0,88,16,21,4
0,88,17,21,4
0,88,18,21,4
0,88,19,21,4
0,88,20,21,4
0,88,21,21,4
0,88,22,21,4
0,88,23,21,4
0,88,24,21,4
0,88,25,21,4
0,89,6,21,4
0,89,7,21,4
0,89,8,21,4
0,89,9,21,4
0,89,10,21,4
0,89,11,21,4
0,89,12,21,4
0,89,13,21,4
0,89,14,21,4
0,89,15,21,4
0,89,16,21,4
0,89,17,21,4
0,89,18,21,4
0,89,19,21,4
0,89,20,21,4
0,89,21,21,4
0,89,22,21,4
0,89,23,21,4
0,89,24,21,4
0,89,25,21,4
0,90,6,21,4
0,90,7,21,4
0,90,8,21,4
0,90,9,21,4
0,90,10,21,4
0,90,11,21,4
0,90,12,21,4
0,90,13,21,4
0,90,14,21,4
0,90,15,21,4
0,90,16,21,4
0,90,17,21,4
0,90,18,21,4
0,90,19,21,4
0,90,20,21,4
0,90,21,21,4
0,90,22,21,4
0,90,23,21,4
0,90,24,21,4
0,90,25,21,4
0,91,6,21,4
0,91,7,21,4
0,91,8,21,4
0,91,9,21,4
0,91,10,21,4
0,91,11,21,4
0,91,12,21,4
0,91,13,21,4
0,91,14,21,4
0,91,15,21,4
0,91,16,21,4
0,91,17,21,4
0,91,18,21,4
0,91,19,21,4
0,91,20,21,4
0,91,21,21,4
0,91,22,21,4
0,91,23,21,4
0,91,24,21,4
0,91,25,21,4
0,92,6,21,4
0,92,7,21,4
0,92,8,21,4
0,92,9,21,4
0,92,10,21,4
0,92,11,21,4
0,92,12,21,4
0,92,13,21,4
0,92,14,21,4
0,92,15,21,4
0,92,16,21,4
0,92,17,21,4
0,92,18,21,4
0,92,19,21,4
0,92,20,21,4
0,92,21,21,4
0,92,22,21,4
0,92,23,21,4
0,92,24,21,4
0,92,25,21,4
0,93,6,21,4
0,93,7,21,4
0,93,8,21,4
0,93,9,21,4
0,93,10,21,4
0,93,11,21,4
0,93,12,21,4
0,93,13,21,4
0,93,14,21,4
0,93,15,21,4
0,93,16,21,4
0,93,17,21,4
0,93,18,21,4
0,93,19,21,4
0,93,20,21,4
0,93,21,21,4
0,93,22,21,4
0,93,23,21,4
0,93,24,21,4
0,93,25,21,4
0,94,6,21,4
0,94,7,21,4
0,94,8,21,4
0,94,9,21,4
0,94,10,21,4
0,94,11,21,4
0,94,12,21,4
0,94,13,21,4
0,94,14,21,4
0,94,15,21,4
0,94,16,21,4
0,94,17,21,4
0,94,18,21,4
0,94,19,21,4
0,94,20,21,4
0,94,21,21,4
0,94,22,21,4
0,94,23,21,4
0,94,24,21,4
0,94,25,21,4
0,95,6,21,4
0,95,7,21,4
0,95,8,21,4
0,95,9,21,4
0,95,10,21,4
0,95,11,21,4
0,95,12,21,4
0,95,13,21,4
0,95,14,21,4
0,95,15,21,4
0,95,16,21,4
0,95,17,21,4
0,95,18,21,4
0,95,19,21,4
0,95,20,21,4
0,95,21,21,4
0,95,22,21,4
0,95,23,21,4
0,95,24,21,4
0,95,25,21,4
0,96,6,21,4
0,96,7,21,4
0,96,8,21,4
0,96,9,21,4
0,96,10,21,4
0,96,11,21,4
0,96,12,21,4
0,96,13,21,4
0,96,14,21,4
0,96,15,21,4
0,96,16,21,4
0,96,17,21,4
0,96,18,21,4
0,96,19,21,4
0,96,20,21,4
0,96,21,21,4
0,96,22,21,4
0,96,23,21,4
0,96,24,21,4
0,96,25,21,4
0,97,6,21,4
0,97,7,21,4
0,97,8,21,4
0,97,9,21,4
0,97,10,21,4
0,97,11,21,4
0,97,12,21,4
0,97,13,21,4
0,97,14,21,4
0,97,15,21,4
0,97,16,21,4
0,97,17,21,4
0,97,18,21,4
0,97,19,21,4
0,97,20,21,4
0,97,21,21,4
0,97,22,21,4
0,97,23,21,4
0,97,24,21,4
0,97,25,21,4
0,98,6,21,4
0,98,7,21,4
0,98,8,21,4
0,98,9,21,4
0,98,10,21,4
0,98,11,21,4
0,98,12,21,4
0,98,13,21,4
0,98,14,21,4
0,98,15,21,4
0,98,16,21,4
0,98,17,21,4
0,98,18,21,4
0,98,19,21,4
0,98,20,21,4
0,98,21,21,4
0,98,22,21,4
0,98,23,21,4
0,98,24,21,4
0,98,25,21,4
0,99,6,21,4
0,99,7,21,4
0,99,8,21,4
0,99,9,21,4
0,99,10,21,4
0,99,11,21,4
0,99,12,21,4
0,99,13,21,4
0,99,14,21,4
0,99,15,21,4
0,99,16,21,4
0,99,17,21,4
0,99,18,21,4
0,99,19,21,4
0,99,20,21,4
0,99,21,21,4
0,99,22,21,4
0,99,23,21,4
0,99,24,21,4
0,99,25,21,4
0,100,6,21,4
0,100,7,21,4
0,100,8,21,4
0,100,9,21,4
0,100,10,21,4
0,100,11,21,4
0,100,12,21,4
0,100,13,21,4
0,100,14,21,4
0,100,15,21,4
0,100,16,21,4
0,100,17,21,4
0,100,18,21,4
0,100,19,21,4
0,100,20,21,4
0,100,21,21,4
0,100,22,21,4
0,100,23,21,4
0,100,24,21,4
0,100,25,21,4
0,101,6,21,4
0,101,7,21,4
0,101,8,21,4
0,101,9,21,4
0,101,10,21,4
0,101,11,21,4
0,101,12,21,4
0,101,13,21,4
0,101,14,21,4
0,101,15,21,4
0,101,16,21,4
0,101,17,21,4
0,101,18,21,4
0,101,19,21,4
0,101,20,21,4
0,101,21,21,4
0,101,22,21,4
0,101,23,21,4
0,101,24,21,4
0,101,25,21,4
0,102,6,21,4
0,102,7,21,4
0,102,8,21,4
0,102,9,21,4
0,102,10,21,4
0,102,11,21,4
0,102,12,21,4
0,102,13,21,4
0,102,14,21,4
0,102,15,21,4
0,102,16,21,4
0,102,17,21,4
0,102,18,21,4
0,102,19,21,4
0,102,20,21,4
0,102,21,21,4
0,102,22,21,4
0,102,23,21,4
0,102,24,21,4
0,102,25,21,4
0,103,6,21,4
0,103,7,21,4
0,103,8,21,4
0,103,9,21,4
0,103,10,21,4
0,103,11,21,4
0,103,12,21,4
0,103,13,21,4
0,103,14,21,4
0,103,15,21,4
0,103,16,21,4
0,103,17,21,4
0,103,18,21,4
0,103,19,21,4
0,103,20,21,4
0,103,21,21,4
0,103,22,21,4
0,103,23,21,4
0,103,24,21,4
0,103,25,21,4
0,104,6,21,4
0,104,7,21,4
0,104,8,21,4
0,104,9,21,4
0,104,10,21,4
0,104,11,21,4
0,104,12,21,4
0,104,13,21,4
0,104,14,21,4
0,104,15,21,4
0,104,16,21,4
0,104,17,21,4
0,104,18,21,4
0,104,19,21,4
0,104,20,21,4
0,104,21,21,4
0,104,22,21,4
0,104,23,21,4
0,104,24,21,4
0,104,25,21,4
0,105,6,21,4
0,105,7,21,4
0,105,8,21,4
0,105,9,21,4
0,105,10,21,4
0,105,11,21,4
0,105,12,21,4
0,105,13,21,4
0,105,14,21,4
0,105,15,21,4
0,105,16,21,4
0,105,17,21,4
0,105,18,21,4
0,105,19,21,4
0,105,20,21,4
0,105,21,21,4
0,105,22,21,4
0,105,23,21,4
0,105,24,21,4
0,105,25,21,4
0,106,6,21,4
0,106,7,21,4
0,106,8,21,4
0,106,9,21,4
0,106,10,21,4
0,106,11,21,4
0,106,12,21,4
0,106,13,21,4
0,106,14,21,4
0,106,15,21,4
0,106,16,21,4
0,106,17,21,4
0,106,18,21,4
0,106,19,21,4
0,106,20,21,4
0,106,21,21,4
0,106,22,21,4
0,106,23,21,4
0,106,24,21,4
0,106,25,21,4
0,107,6,21,4
0,107,7,21,4
0,107,8,21,4
0,107,9,21,4
0,107,10,21,4
0,107,11,21,4
0,107,12,21,4
0,107,13,21,4
0,107,14,21,4
0,107,15,21,4
0,107,16,21,4
0,107,17,21,4
0,107,18,21,4
0,107,19,21,4
0,107,20,21,4
0,107,21,21,4
0,107,22,21,4
0,107,23,21,4
0,107,24,21,4
0,107,25,21,4
0,108,6,21,4
0,108,7,21,4
0,108,8,21,4
0,108,9,21,4
0,108,10,21,4
0,108,11,21,4
0,108,12,21,4
0,108,13,21,4
0,108,14,21,4
0,108,15,21,4
0,108,16,21,4
0,108,17,21,4
0,108,18,21,4
0,108,19,21,4
0,108,20,21,4
0,108,21,21,4
0,108,22,21,4
0,108,23,21,4
0,108,24,21,4
0,108,25,21,4
0,109,6,21,4
0,109,7,21,4
0,109,8,21,4
0,109,9,21,4
0,109,10,21,4
0,109,11,21,4
0,109,12,21,4
0,109,13,21,4
0,109,14,21,4
0,109,15,21,4
0,109,16,21,4
0,109,17,21,4
0,109,18,21,4
0,109,19,21,4
0,109,20,21,4
0,109,21,21,4
0,109,22,21,4
0,109,23,21,4
0,109,24,21,4
0,109,25,21,4
0,110,6,21,4
0,110,7,21,4
0,110,8,21,4
0,110,9,21,4
0,110,10,21,4
0,110,11,21,4
0,110,12,21,4
0,110,13,21,4
0,110,14,21,4
0,110,15,21,4
0,110,16,21,4
0,110,17,21,4
0,110,18,21,4
0,110,19,21,4
0,110,20,21,4
0,110,21,21,4
0,110,22,21,4
0,110,23,21,4
0,110,24,21,4
0,110,25,21,4
0,111,6,21,4
0,111,7,21,4
0,111,8,21,4
0,111,9,21,4
0,111,10,21,4
0,111,11,21,4
0,111,12,21,4
0,111,13,21,4
0,111,14,21,4
0,111,15,21,4
0,111,16,21,4
0,111,17,21,4
0,111,18,21,4
0,111,19,21,4
0,111,20,21,4
0,111,21,21,4
0,111,22,21,4
0,111,23,21,4
0,111,24,21,4
0,111,25,21,4
0,112,6,21,4
0,112,7,21,4
0,112,8,21,4
0,112,9,21,4
0,112,10,21,4
0,112,11,21,4
0,112,12,21,4
0,112,13,21,4
0,112,14,21,4
0,112,15,21,4
0,112,16,21,4
0,112,17,21,4
0,112,18,21,4
0,112,19,21,4
0,112,20,21,4
0,112,21,21,4
0,112,22,21,4
0,112,23,21,4
0,112,24,21,4
0,112,25,21,4
0,113,6,21,4
0,113,7,21,4
0,113,8,21,4
0,113,9,21,4
0,113,10,21,4
0,113,11,21,4
0,113,12,21,4
0,113,13,21,4
0,113,14,21,4
0,113,15,21,4
0,113,16,21,4
0,113,17,21,4
0,113,18,21,4
0,113,19,21,4
0,113,20,21,4
0,113,21,21,4
0,113,22,21,4
0,113,23,21,4
0,113,24,21,4
0,113,25,21,4
0,114,6,21,4
0,114,7,21,4
0,114,8,21,4
0,114,9,21,4
0,114,10,21,4
0,114,11,21,4
0,114,12,21,4
0,114,13,21,4
0,114,14,21,4
0,114,15,21,4
0,114,16,21,4
0,114,17,21,4
0,114,18,21,4
0,114,19,21,4
0,114,20,21,4
0,114,21,21,4
0,114,22,21,4
0,114,23,21,4
0,114,24,21,4
0,114,25,21,4
0,115,6,21,4
0,115,7,21,4
0,115,8,21,4
0,115,9,21,4
0,115,10,21,4
0,115,11,21,4
0,115,12,21,4
0,115,13,21,4
0,115,14,21,4
0,115,15,21,4
0,115,16,21,4
0,115,17,21,4
0,115,18,21,4
0,115,19,21,4
0,115,20,21,4
0,115,21,21,4
0,115,22,21,4
0,115,23,21,4
0,115,24,21,4
0,115,25,21,4
0,116,6,21,4
0,116,7,21,4
0,116,8,21,4
0,116,9,21,4
0,116,10,21,4
0,116,11,21,4
0,116,12,21,4
0,116,13,21,4
0,116,14,21,4
0,116,15,21,4
0,116,16,21,4
0,116,17,21,4
0,116,18,21,4
0,116,19,21,4
0,116,20,21,4
0,116,21,21,4
0,116,22,21,4
0,116,23,21,4
0,116,24,21,4
0,116,25,21,4
0,117,6,21,4
0,117,7,21,4
0,117,8,21,4
0,117,9,21,4
0,117,10,21,4
0,117,11,21,4
0,117,12,21,4
0,117,13,21,4
0,117,14,21,4
0,117,15,21,4
0,117,16,21,4
0,117,17,21,4
0,117,18,21,4
0,117,19,21,4
0,117,20,21,4
0,117,21,21,4
0,117,22,21,4
0,117,23,21,4
0,117,24,21,4
0,117,25,21,4
0,118,6,21,4
0,118,7,21,4
0,118,8,21,4
0,118,9,21,4
0,118,10,21,4
0,118,11,21,4
0,118,12,21,4
0,118,13,21,4
0,118,14,21,4
0,118,15,21,4
0,118,16,21,4
0,118,17,21,4
0,118,18,21,4
0,118,19,21,4
0,118,20,21,4
0,118,21,21,4
0,118,22,21,4
0,118,23,21,4
0,118,24,21,4
0,118,25,21,4
0,119,6,21,4
0,119,7,21,4
0,119,8,21,4
0,119,9,21,4
0,119,10,21,4
0,119,11,21,4
0,119,12,21,4
0,119,13,21,4
0,119,14,21,4
0,119,15,21,4
0,119,16,21,4
0,119,17,21,4
0,119,18,21,4
0,119,19,21,4
0,119,20,21,4
0,119,21,21,4
0,119,22,21,4
0,119,23,21,4
0,119,24,21,4
0,119,25,21,4
0,120,6,21,4
0,120,7,21,4
0,120,8,21,4
0,120,9,21,4
0,120,10,21,4
0,120,11,21,4
0,120,12,21,4
0,120,13,21,4
0,120,14,21,4
0,120,15,21,4
0,120,16,21,4
0,120,17,21,4
0,120,18,21,4
0,120,19,21,4
0,120,20,21,4
0,120,21,21,4
0,120,22,21,4
0,120,23,21,4
0,120,24,21,4
0,120,25,21,4
0,121,6,21,4
0,121,7,21,4
0,121,8,21,4
0,121,9,21,4
0,121,10,21,4
0,121,11,21,4
0,121,12,21,4
0,121,13,21,4
0,121,14,21,4
0,121,15,21,4
0,121,16,21,4
0,121,17,21,4
0,121,18,21,4
0,121,19,21,4
0,121,20,21,4
0,121,21,21,4
0,121,22,21,4
0,121,23,21,4
0,121,24,21,4
0,121,25,21,4
0,122,6,21,4
0,122,7,21,4
0,122,8,21,4
0,122,9,21,4
0,122,10,21,4
0,122,11,21,4
0,122,12,21,4
0,122,13,21,4
0,122,14,21,4
0,122,15,21,4
0,122,16,21,4
0,122,17,21,4
0,122,18,21,4
0,122,19,21,4
0,122,20,21,4
0,122,21,21,4
0,122,22,21,4
0,122,23,21,4
0,122,24,21,4
0,122,25,21,4
0,123,6,21,4
0,123,7,21,4
0,123,8,21,4
0,123,9,21,4
0,123,10,21,4
0,123,11,21,4
0,123,12,21,4
0,123,13,21,4
0,123,14,21,4
0,123,15,21,4
0,123,16,21,4
0,123,17,21,4
0,123,18,21,4
0,123,19,21,4
0,123,20,21,4
0,123,21,21,4
0,123,22,21,4
0,123,23,21,4
0,123,24,21,4
0,123,25,21,4
0,124,6,21,4
0,124,7,21,4
0,124,8,21,4
0,124,9,21,4
0,124,10,21,4
0,124,11,21,4
0,124,12,21,4
0,124,13,21,4
0,124,14,21,4
0,124,15,21,4
0,124,16,21,4
0,124,17,21,4
0,124,18,21,4
0,124,19,21,4
0,124,20,21,4
0,124,21,21,4
0,124,22,21,4
0,124,23,21,4
0,124,24,21,4
0,124,25,21,4
0,125,6,21,4
0,125,7,21,4
0,125,8,21,4
0,125,9,21,4
0,125,10,21,4
0,125,11,21,4
0,125,12,21,4
0,125,13,21,4
0,125,14,21,4
0,125,15,21,4
0,125,16,21,4
0,125,17,21,4
0,125,18,21,4
0,125,19,21,4
0,125,20,21,4
0,125,21,21,4
0,125,22,21,4
0,125,23,21,4
0,125,24,21,4
0,125,25,21,4
0,126,6,21,4
0,126,7,21,4
0,126,8,21,4
0,126,9,21,4
0,126,10,21,4
0,126,11,21,4
0,126,12,21,4
0,126,13,21,4
0,126,14,21,4
0,126,15,21,4
0,126,16,21,4
0,126,17,21,4
0,126,18,21,4
0,126,19,21,4
0,126,20,21,4
0,126,21,21,4
0,126,22,21,4
0,126,23,21,4
0,126,24,21,4
0,126,25,21,4
0,127,6,21,4
0,127,7,21,4
0,127,8,21,4
0,127,9,21,4
0,127,10,21,4
0,127,11,21,4
0,127,12,21,4
0,127,13,21,4
0,127,14,21,4
0,127,15,21,4
0,127,16,21,4
0,127,17,21,4
0,127,18,21,4
0,127,19,21,4
0,127,20,21,4
0,127,21,21,4
0,127,22,21,4
0,127,23,21,4
0,127,24,21,4
0,127,25,21,4
0,128,6,21,4
0,128,7,21,4
0,128,8,21,4
0,128,9,21,4
0,128,10,21,4
0,128,11,21,4
0,128,12,21,4
0,128,13,21,4
0,128,14,21,4
0,128,15,21,4
0,128,16,21,4
0,128,17,21,4
0,128,18,21,4
0,128,19,21,4
0,128,20,21,4
0,128,21,21,4
0,128,22,21,4
0,128,23,21,4
0,128,24,21,4
0,128,25,21,4
0,129,6,21,4
0,129,7,21,4
0,129,8,21,4
0,129,9,21,4
0,129,10,21,4
0,129,11,21,4
0,129,12,21,4
0,129,13,21,4
0,129,14,21,4
0,129,15,21,4
0,129,16,21,4
0,129,17,21,4
0,129,18,21,4
0,129,19,21,4
0,129,20,21,4
0,129,21,21,4
0,129,22,21,4
0,129,23,21,4
0,129,24,21,4
0,129,25,21,4
0,130,6,21,4
0,130,7,21,4
0,130,8,21,4
0,130,9,21,4
0,130,10,21,4
0,130,11,21,4
0,130,12,21,4
0,130,13,21,4
0,130,14,21,4
0,130,15,21,4
0,130,16,21,4
0,130,17,21,4
0,130,18,21,4
0,130,19,21,4
0,130,20,21,4
0,130,21,21,4
0,130,22,21,4
0,130,23,21,4
0,130,24,21,4
0,130,25,21,4
0,131,6,21,4
0,131,7,21,4
0,131,8,21,4
0,131,9,21,4
0,131,10,21,4
0,131,11,21,4
0,131,12,21,4
0,131,13,21,4
0,131,14,21,4
0,131,15,21,4
0,131,16,21,4
0,131,17,21,4
0,131,18,21,4
0,131,19,21,4
0,131,20,21,4
0,131,21,21,4
0,131,22,21,4
0,131,23,21,4
0,131,24,21,4
0,131,25,21,4
0,132,6,21,4
0,132,7,21,4
0,132,8,21,4
0,132,9,21,4
0,132,10,21,4
0,132,11,21,4
0,132,12,21,4
0,132,13,21,4
0,132,14,21,4
0,132,15,21,4
0,132,16,21,4
0,132,17,21,4
0,132,18,21,4
0,132,19,21,4
0,132,20,21,4
0,132,21,21,4
0,132,22,21,4
0,132,23,21,4
0,132,24,21,4
0,132,25,21,4
0,133,6,21,4
0,133,7,21,4
0,133,8,21,4
0,133,9,21,4
0,133,10,21,4
0,133,11,21,4
0,133,12,21,4
0,133,13,21,4
0,133,14,21,4
0,133,15,21,4
0,133,16,21,4
0,133,17,21,4
0,133,18,21,4
0,133,19,21,4
0,133,20,21,4
0,133,21,21,4
0,133,22,21,4
0,133,23,21,4
0,133,24,21,4
0,133,25,21,4
0,134,6,21,4
0,134,7,21,4
0,134,8,21,4
0,134,9,21,4
0,134,10,21,4
0,134,11,21,4
0,134,12,21,4
0,134,13,21,4
0,134,14,21,4
0,134,15,21,4
0,134,16,21,4
0,134,17,21,4
0,134,18,21,4
0,134,19,21,4
0,134,20,21,4
0,134,21,21,4
0,134,22,21,4
0,134,23,21,4
0,134,24,21,4
0,134,25,21,4
0,135,6,21,4
0,135,7,21,4
0,135,8,21,4
0,135,9,21,4
0,135,10,21,4
0,135,11,21,4
0,135,12,21,4
0,135,13,21,4
0,135,14,21,4
0,135,15,21,4
0,135,16,21,4
0,135,17,21,4
0,135,18,21,4
0,135,19,21,4
0,135,20,21,4
0,135,21,21,4
0,135,22,21,4
0,135,23,21,4
0,135,24,21,4
0,135,25,21,4
0,136,6,21,4
0,136,7,21,4
0,136,8,21,4
0,136,9,21,4
0,136,10,21,4
0,136,11,21,4
0,136,12,21,4
0,136,13,21,4
0,136,14,21,4
0,136,15,21,4
0,136,16,21,4
0,136,17,21,4
0,136,18,21,4
0,136,19,21,4
0,136,20,21,4
0,136,21,21,4
0,136,22,21,4
0,136,23,21,4
0,136,24,21,4
0,136,25,21,4
0,137,6,21,4
0,137,7,21,4
0,137,8,21,4
0,137,9,21,4
0,137,10,21,4
0,137,11,21,4
0,137,12,21,4
0,137,13,21,4
0,137,14,21,4
0,137,15,21,4
0,137,16,21,4
0,137,17,21,4
0,137,18,21,4
0,137,19,21,4
0,137,20,21,4
0,137,21,21,4
0,137,22,21,4
0,137,23,21,4
0,137,24,21,4
0,137,25,21,4
0,138,6,21,4
0,138,7,21,4
0,138,8,21,4
0,138,9,21,4
0,138,10,21,4
0,138,11,21,4
0,138,12,21,4
0,138,13,21,4
0,138,14,21,4
0,138,15,21,4
0,138,16,21,4
0,138,17,21,4
0,138,18,21,4
0,138,19,21,4
0,138,20,21,4
0,138,21,21,4
0,138,22,21,4
0,138,23,21,4
0,138,24,21,4
0,138,25,21,4
0,139,6,21,4
0,139,7,21,4
0,139,8,21,4
0,139,9,21,4
0,139,10,21,4
0,139,11,21,4
0,139,12,21,4
0,139,13,21,4
0,139,14,21,4
0,139,15,21,4
0,139,16,21,4
0,139,17,21,4
0,139,18,21,4
0,139,19,21,4
0,139,20,21,4
0,139,21,21,4
0,139,22,21,4
0,139,23,21,4
0,139,24,21,4
0,139,25,21,4
0,140,6,21,4
0,140,7,21,4
0,140,8,21,4
0,140,9,21,4
0,140,10,21,4
0,140,11,21,4
0,140,12,21,4
0,140,13,21,4
0,140,14,21,4
0,140,15,21,4
0,140,16,21,4
0,140,17,21,4
0,140,18,21,4
0,140,19,21,4
0,140,20,21,4
0,140,21,21,4
0,140,22,21,4
0,140,23,21,4
0,140,24,21,4
0,140,25,21,4
0,141,6,21,4
0,141,7,21,4
0,141,8,21,4
0,141,9,21,4
0,141,10,21,4
0,141,11,21,4
0,141,12,21,4
0,141,13,21,4
0,141,14,21,4
0,141,15,21,4
0,141,16,21,4
0,141,17,21,4
0,141,18,21,4
0,141,19,21,4
0,141,20,21,4
0,141,21,21,4
0,141,22,21,4
0,141,23,21,4
0,141,24,21,4
0,141,25,21,4
0,142,6,21,4
0,142,7,21,4
0,142,8,21,4
0,142,9,21,4
0,142,10,21,4
0,142,11,21,4
0,142,12,21,4
0,142,13,21,4
0,142,14,21,4
0,142,15,21,4
0,142,16,21,4
0,142,17,21,4
0,142,18,21,4
0,142,19,21,4
0,142,20,21,4
0,142,21,21,4
0,142,22,21,4
0,142,23,21,4
0,142,24,21,4
0,142,25,21,4
0,143,6,21,4
0,143,7,21,4
0,143,8,21,4
0,143,9,21,4
0,143,10,21,4
0,143,11,21,4
0,143,12,21,4
0,143,13,21,4
0,143,14,21,4
0,143,15,21,4
0,143,16,21,4
0,143,17,21,4
0,143,18,21,4
0,143,19,21,4
0,143,20,21,4
0,143,21,21,4
0,143,22,21,4
0,143,23,21,4
0,143,24,21,4
0,143,25,21,4
0,144,6,21,4
0,144,7,21,4
0,144,8,21,4
0,144,9,21,4
0,144,10,21,4
0,144,11,21,4
0,144,12,21,4
0,144,13,21,4
0,144,14,21,4
0,144,15,21,4
0,144,16,21,4
0,144,17,21,4
0,144,18,21,4
0,144,19,21,4
0,144,20,21,4
0,144,21,21,4
0,144,22,21,4
0,144,23,21,4
0,144,24,21,4
0,144,25,21,4
0,145,6,21,4
0,145,7,21,4
0,145,8,21,4
0,145,9,21,4
0,145,10,21,4
0,145,11,21,4
0,145,12,21,4
0,145,13,21,4
0,145,14,21,4
0,145,15,21,4
0,145,16,21,4
0,145,17,21,4
0,145,18,21,4
0,145,19,21,4
0,145,20,21,4
0,145,21,21,4
0,145,22,21,4
0,145,23,21,4
0,145,24,21,4
0,145,25,21,4
0,146,6,21,4
0,146,7,21,4
0,146,8,21,4
0,146,9,21,4
0,146,10,21,4
0,146,11,21,4
0,146,12,21,4
0,146,13,21,4
0,146,14,21,4
0,146,15,21,4
0,146,16,21,4
0,146,17,21,4
0,146,18,21,4
0,146,19,21,4
0,146,20,21,4
0,146,21,21,4
0,146,22,21,4
0,146,23,21,4
0,146,24,21,4
0,146,25,21,4
0,147,6,21,4
0,147,7,21,4
0,147,8,21,4
0,147,9,21,4
0,147,10,21,4
0,147,11,21,4
0,147,12,21,4
0,147,13,21,4
0,147,14,21,4
0,147,15,21,4
0,147,16,21,4
0,147,17,21,4
0,147,18,21,4
0,147,19,21,4
0,147,20,21,4
0,147,21,21,4
0,147,22,21,4
0,147,23,21,4
0,147,24,21,4
0,147,25,21,4
0,148,6,21,4
0,148,7,21,4
0,148,8,21,4
0,148,9,21,4
0,148,10,21,4
0,148,11,21,4
0,148,12,21,4
0,148,13,21,4
0,148,14,21,4
0,148,15,21,4
0,148,16,21,4
0,148,17,21,4
0,148,18,21,4
0,148,19,21,4
0,148,20,21,4
0,148,21,21,4
0,148,22,21,4
0,148,23,21,4
0,148,24,21,4
0,148,25,21,4
0,149,6,21,4
0,149,7,21,4
0,149,8,21,4
0,149,9,21,4
0,149,10,21,4
0,149,11,21,4
0,149,12,21,4
0,149,13,21,4
0,149,14,21,4
0,149,15,21,4
0,149,16,21,4
0,149,17,21,4
0,149,18,21,4
0,149,19,21,4
0,149,20,21,4
0,149,21,21,4
0,149,22,21,4
0,149,23,21,4
0,149,24,21,4
0,149,25,21,4
0,150,6,21,4
0,150,7,21,4
0,150,8,21,4
0,150,9,21,4
0,150,10,21,4
0,150,11,21,4
0,150,12,21,4
0,150,13,21,4
0,150,14,21,4
0,150,15,21,4
0,150,16,21,4
0,150,17,21,4
0,150,18,21,4
0,150,19,21,4
0,150,20,21,4
0,150,21,21,4
0,150,22,21,4
0,150,23,21,4
0,150,24,21,4
0,150,25,21,4
0,151,6,21,4
0,151,7,21,4
0,151,8,21,4
0,151,9,21,4
0,151,10,21,4
0,151,11,21,4
0,151,12,21,4
0,151,13,21,4
0,151,14,21,4
0,151,15,21,4
0,151,16,21,4
0,151,17,21,4
0,151,18,21,4
0,151,19,21,4
0,151,20,21,4
0,151,21,21,4
0,151,22,21,4
0,151,23,21,4
0,151,24,21,4
0,151,25,21,4
0,152,6,21,4
0,152,7,21,4
0,152,8,21,4
0,152,9,21,4
0,152,10,21,4
0,152,11,21,4
0,152,12,21,4
0,152,13,21,4
0,152,14,21,4
0,152,15,21,4
0,152,16,21,4
0,152,17,21,4
0,152,18,21,4
0,152,19,21,4
0,152,20,21,4
0,152,21,21,4
0,152,22,21,4
0,152,23,21,4
0,152,24,21,4
0,152,25,21,4
