8,129,40,0,1
8,129,41,0,1
8,129,42,0,1
0,131,42,9,1
0,132,42,9,1
0,133,42,9,1
0,134,42,9,1
0,135,42,9,1
0,136,42,9,1
0,137,42,9,1
0,138,42,9,1
0,139,42,9,1
0,140,42,9,1
0,141,42,9,1
0,142,42,9,1
0,143,42,9,1
0,144,42,9,1
0,145,42,9,1
0,146,42,9,1
0,147,42,9,1
0,148,42,9,1
0,149,42,9,1
0,150,42,9,1
0,131,40,5,1
0,131,41,5,1
0,132,40,5,1
0,132,41,5,1
0,133,40,5,1
0,133,41,5,1
0,134,40,5,1
0,134,41,5,1
0,135,40,5,1
0,135,41,5,1
0,136,40,5,1
0,136,41,5,1
0,137,40,5,1
0,137,41,5,1
0,138,40,5,1
0,138,41,5,1
0,139,40,5,1
0,139,41,5,1
0,140,40,5,1
0,140,41,5,1
0,141,40,5,1
0,141,41,5,1
0,142,40,5,1
0,142,41,5,1
0,143,40,5,1
0,143,41,5,1
0,144,40,5,1
0,144,41,5,1
0,145,40,5,1
0,145,41,5,1
0,146,40,5,1
0,146,41,5,1
0,147,40,5,1
0,147,41,5,1
0,148,40,5,1
0,148,41,5,1
0,149,40,5,1
0,149,41,5,1
0,150,40,5,1
0,150,41,5,1
5,147,52,4,1
5,147,51,4,1
5,147,50,4,1
5,147,49,4,1
0,141,48,29,1
0,138,46,29,1
0,148,45,29,1
1,150,53,1,1
1,151,53,1,1
1,152,53,1,1
1,153,53,1,1
5,154,46,4,1
5,154,47,4,1
5,154,48,4,1
5,154,49,4,1
5,154,50,4,1
5,154,51,4,1
5,154,52,4,1
0,154,53,1,1
1,157,53,1,1
1,158,53,1,1
1,159,53,1,1
1,160,53,1,1
1,161,53,1,1
1,162,53,1,1
1,163,53,1,1
1,164,53,1,1
1,165,53,1,1
1,166,53,1,1
1,169,53,1,1
1,170,53,1,1
1,171,53,1,1
1,172,53,1,1
1,173,53,1,1
1,174,53,1,1
1,175,53,1,1
1,176,53,1,1
0,160,49,29,1
0,163,48,29,1
0,165,45,29,1
0,172,45,29,1
0,151,42,9,1
0,152,42,9,1
0,153,42,9,1
0,154,42,9,1
0,155,42,9,1
0,156,42,9,1
0,157,42,9,1
0,158,42,9,1
0,159,42,9,1
0,160,42,9,1
0,161,42,9,1
0,162,42,9,1
0,163,42,9,1
0,164,42,9,1
0,165,42,9,1
0,166,42,9,1
0,167,42,9,1
0,168,42,9,1
0,169,42,9,1
0,170,42,9,1
0,171,42,9,1
0,172,42,9,1
0,173,42,9,1
0,174,42,9,1
0,175,42,9,1
0,176,42,9,1
0,177,42,9,1
0,151,40,5,1
0,151,41,5,1
0,152,40,5,1
0,152,41,5,1
0,153,40,5,1
0,153,41,5,1
0,154,40,5,1
0,154,41,5,1
0,155,40,5,1
0,155,41,5,1
0,156,40,5,1
0,156,41,5,1
0,157,40,5,1
0,157,41,5,1
0,158,40,5,1
0,158,41,5,1
0,159,40,5,1
0,159,41,5,1
0,160,40,5,1
0,160,41,5,1
0,161,40,5,1
0,161,41,5,1
0,162,40,5,1
0,162,41,5,1
0,163,40,5,1
0,163,41,5,1
0,164,40,5,1
0,164,41,5,1
0,165,40,5,1
0,165,41,5,1
0,166,40,5,1
0,166,41,5,1
0,167,40,5,1
0,167,41,5,1
0,168,40,5,1
0,168,41,5,1
0,169,40,5,1
0,169,41,5,1
0,170,40,5,1
0,170,41,5,1
0,171,40,5,1
0,171,41,5,1
0,172,40,5,1
0,172,41,5,1
0,173,40,5,1
0,173,41,5,1
0,174,40,5,1
0,174,41,5,1
0,175,40,5,1
0,175,41,5,1
0,176,40,5,1
0,176,41,5,1
0,177,40,5,1
0,177,41,5,1
0,129,54,5,1
0,129,55,5,1
0,129,56,5,1
0,130,54,5,1
0,130,55,5,1
0,130,56,5,1
0,131,54,5,1
0,131,55,5,1
0,131,56,5,1
0,132,54,5,1
0,132,55,5,1
0,132,56,5,1
0,133,54,5,1
0,133,55,5,1
0,133,56,5,1
0,134,54,5,1
0,134,55,5,1
0,134,56,5,1
0,135,54,5,1
0,135,55,5,1
0,135,56,5,1
0,136,54,5,1
0,136,55,5,1
0,136,56,5,1
0,137,54,5,1
0,137,55,5,1
0,137,56,5,1
0,138,54,5,1
0,138,55,5,1
0,138,56,5,1
0,139,54,5,1
0,139,55,5,1
0,139,56,5,1
0,140,54,5,1
0,140,55,5,1
0,140,56,5,1
0,141,54,5,1
0,141,55,5,1
0,141,56,5,1
0,142,54,5,1
0,142,55,5,1
0,142,56,5,1
0,143,54,5,1
0,143,55,5,1
0,143,56,5,1
0,144,54,5,1
0,144,55,5,1
0,144,56,5,1
0,145,54,5,1
0,145,55,5,1
0,145,56,5,1
0,146,54,5,1
0,146,55,5,1
0,146,56,5,1
0,147,54,5,1
0,147,55,5,1
0,147,56,5,1
0,150,54,5,1
0,150,55,5,1
0,150,56,5,1
0,151,54,5,1
0,151,55,5,1
0,151,56,5,1
0,152,54,5,1
0,152,55,5,1
0,152,56,5,1
0,153,54,5,1
0,153,55,5,1
0,153,56,5,1
0,154,54,5,1
0,154,55,5,1
0,154,56,5,1
0,157,54,5,1
0,157,55,5,1
0,157,56,5,1
0,158,54,5,1
0,158,55,5,1
0,158,56,5,1
0,159,54,5,1
0,159,55,5,1
0,159,56,5,1
0,160,54,5,1
0,160,55,5,1
0,160,56,5,1
0,161,54,5,1
0,161,55,5,1
0,161,56,5,1
0,162,54,5,1
0,162,55,5,1
0,162,56,5,1
0,163,54,5,1
0,163,55,5,1
0,163,56,5,1
0,164,54,5,1
0,164,55,5,1
0,164,56,5,1
0,165,54,5,1
0,165,55,5,1
0,165,56,5,1
0,166,54,5,1
0,166,55,5,1
0,166,56,5,1
0,169,54,5,1
0,169,55,5,1
0,169,56,5,1
0,170,54,5,1
0,170,55,5,1
0,170,56,5,1
0,171,54,5,1
0,171,55,5,1
0,171,56,5,1
0,172,54,5,1
0,172,55,5,1
0,172,56,5,1
0,173,54,5,1
0,173,55,5,1
0,173,56,5,1
0,174,54,5,1
0,174,55,5,1
0,174,56,5,1
0,175,54,5,1
0,175,55,5,1
0,175,56,5,1
0,176,54,5,1
0,176,55,5,1
0,176,56,5,1
1,179,53,1,1
1,180,53,1,1
1,181,53,1,1
1,182,53,1,1
1,183,53,1,1
1,184,53,1,1
1,185,53,1,1
5,180,52,4,1
5,180,51,4,1
5,180,48,4,1
5,180,47,4,1
5,180,46,4,1
0,184,45,29,1
1,189,53,1,1
1,190,53,1,1
1,191,53,1,1
1,192,53,1,1
5,189,49,4,1
5,189,50,4,1
0,179,54,5,1
0,179,55,5,1
0,179,56,5,1
0,180,54,5,1
0,180,55,5,1
0,180,56,5,1
0,181,54,5,1
0,181,55,5,1
0,181,56,5,1
0,182,54,5,1
0,182,55,5,1
0,182,56,5,1
0,183,54,5,1
0,183,55,5,1
0,183,56,5,1
0,184,54,5,1
0,184,55,5,1
0,184,56,5,1
0,185,54,5,1
0,185,55,5,1
0,185,56,5,1
0,189,54,5,1
0,189,55,5,1
0,190,54,5,1
0,190,55,5,1
0,191,54,5,1
0,191,55,5,1
0,192,54,5,1
0,192,55,5,1
1,195,53,1,1
1,196,53,1,1
1,197,53,1,1
1,198,53,1,1
0,195,54,5,1
0,195,55,5,1
0,195,56,5,1
0,196,54,5,1
0,196,55,5,1
0,196,56,5,1
0,197,54,5,1
0,197,55,5,1
0,197,56,5,1
0,198,54,5,1
0,198,55,5,1
0,198,56,5,1
3,213,50,9,1
3,214,50,9,1
3,215,50,9,1
3,216,50,9,1
3,217,50,9,1
3,218,50,9,1
0,201,54,5,1
0,201,55,5,1
0,201,56,5,1
0,202,54,5,1
0,202,55,5,1
0,202,56,5,1
0,203,54,5,1
0,203,55,5,1
0,203,56,5,1
0,204,54,5,1
0,204,55,5,1
0,204,56,5,1
0,205,54,5,1
0,205,55,5,1
0,205,56,5,1
0,206,54,5,1
0,206,55,5,1
0,206,56,5,1
0,207,54,5,1
0,207,55,5,1
0,207,56,5,1
0,208,54,5,1
0,208,55,5,1
0,208,56,5,1
0,209,54,5,1
0,209,55,5,1
0,209,56,5,1
0,210,54,5,1
0,210,55,5,1
0,210,56,5,1
0,211,54,5,1
0,211,55,5,1
0,211,56,5,1
0,212,54,5,1
0,212,55,5,1
0,212,56,5,1
0,213,54,5,1
0,213,55,5,1
0,213,56,5,1
0,214,54,5,1
0,214,55,5,1
0,214,56,5,1
0,215,54,5,1
0,215,55,5,1
0,215,56,5,1
0,216,54,5,1
0,216,55,5,1
0,216,56,5,1
0,217,54,5,1
0,217,55,5,1
0,217,56,5,1
0,218,54,5,1
0,218,55,5,1
0,218,56,5,1
1,213,49,1,1
1,214,49,1,1
1,215,49,1,1
1,216,49,1,1
1,217,49,1,1
1,218,49,1,1
1,201,53,1,1
1,202,53,1,1
1,203,53,1,1
1,204,53,1,1
1,205,53,1,1
1,206,53,1,1
1,207,53,1,1
1,208,53,1,1
1,209,53,1,1
1,210,53,1,1
1,211,53,1,1
1,212,53,1,1
1,213,53,1,1
1,214,53,1,1
1,215,53,1,1
1,216,53,1,1
1,217,53,1,1
1,218,53,1,1
5,209,50,8,1
5,210,50,8,1
5,211,50,8,1
5,212,50,8,1
1,219,53,1,1
1,220,53,1,1
1,221,53,1,1
1,222,53,1,1
1,223,53,1,1
1,224,53,1,1
1,225,53,1,1
1,226,53,1,1
1,227,53,1,1
1,228,53,1,1
1,229,53,1,1
1,230,53,1,1
1,231,53,1,1
1,232,53,1,1
1,233,53,1,1
1,234,53,1,1
1,235,53,1,1
5,236,52,2,1
0,236,53,6,1
0,236,54,3,1
0,219,54,5,1
0,219,55,5,1
0,219,56,5,1
0,220,54,5,1
0,220,55,5,1
0,220,56,5,1
0,221,54,5,1
0,221,55,5,1
0,221,56,5,1
0,222,54,5,1
0,222,55,5,1
0,222,56,5,1
0,223,54,5,1
0,223,55,5,1
0,223,56,5,1
0,224,54,5,1
0,224,55,5,1
0,224,56,5,1
0,225,54,5,1
0,225,55,5,1
0,225,56,5,1
0,226,54,5,1
0,226,55,5,1
0,226,56,5,1
0,227,54,5,1
0,227,55,5,1
0,227,56,5,1
0,228,54,5,1
0,228,55,5,1
0,228,56,5,1
0,229,54,5,1
0,229,55,5,1
0,229,56,5,1
0,230,54,5,1
0,230,55,5,1
0,230,56,5,1
0,231,54,5,1
0,231,55,5,1
0,231,56,5,1
0,232,54,5,1
0,232,55,5,1
0,232,56,5,1
0,233,54,5,1
0,233,55,5,1
0,233,56,5,1
0,234,54,5,1
0,234,55,5,1
0,234,56,5,1
0,235,54,5,1
0,235,55,5,1
0,235,56,5,1
0,237,54,10,1
0,238,54,10,1
0,239,54,10,1
0,240,54,10,1
0,241,54,10,1
0,242,54,10,1
0,243,54,10,1
0,244,54,10,1
0,245,54,10,1
0,246,54,10,1
0,247,54,10,1
0,248,54,10,1
0,249,54,10,1
0,250,54,10,1
0,251,54,10,1
0,252,54,10,1
0,253,54,10,1
0,254,54,10,1
0,255,54,10,1
0,256,54,10,1
0,257,54,10,1
0,258,54,10,1
0,259,54,10,1
0,260,54,10,1
0,261,54,10,1
0,262,54,10,1
0,263,54,10,1
0,264,54,10,1
0,265,53,6,1
0,265,54,3,1
1,265,52,2,1
1,287,53,1,1
1,288,53,1,1
1,289,53,1,1
1,290,53,1,1
1,291,53,1,1
1,292,53,1,1
1,293,53,1,1
1,294,53,1,1
1,295,53,1,1
1,296,53,1,1
1,297,53,1,1
0,286,54,5,1
0,286,55,5,1
0,286,56,5,1
0,286,57,5,1
0,287,54,5,1
0,287,55,5,1
0,287,56,5,1
0,287,57,5,1
0,288,54,5,1
0,288,55,5,1
0,288,56,5,1
0,288,57,5,1
0,289,54,5,1
0,289,55,5,1
0,289,56,5,1
0,289,57,5,1
0,290,54,5,1
0,290,55,5,1
0,290,56,5,1
0,290,57,5,1
0,291,54,5,1
0,291,55,5,1
0,291,56,5,1
0,291,57,5,1
0,292,54,5,1
0,292,55,5,1
0,292,56,5,1
0,292,57,5,1
0,293,54,5,1
0,293,55,5,1
0,293,56,5,1
0,293,57,5,1
0,294,54,5,1
0,294,55,5,1
0,294,56,5,1
0,294,57,5,1
0,295,54,5,1
0,295,55,5,1
0,295,56,5,1
0,295,57,5,1
0,296,54,5,1
0,296,55,5,1
0,296,56,5,1
0,296,57,5,1
0,297,54,5,1
0,297,55,5,1
0,297,56,5,1
0,297,57,5,1
9,299,53,0,1
8,299,54,0,1
8,299,55,0,1
8,299,56,0,1
8,299,57,0,1
8,299,58,0,1
0,301,39,5,1
0,301,40,5,1
0,301,41,5,1
0,301,42,5,1
0,301,43,5,1
0,301,44,5,1
0,301,45,5,1
0,301,46,5,1
0,301,47,5,1
0,301,48,5,1
0,301,49,5,1
0,301,50,5,1
0,301,51,5,1
0,301,52,5,1
0,301,53,5,1
0,301,54,5,1
0,301,55,5,1
0,301,56,5,1
0,301,57,5,1
0,302,39,5,1
0,302,40,5,1
0,302,41,5,1
0,302,42,5,1
0,302,43,5,1
0,302,44,5,1
0,302,45,5,1
0,302,46,5,1
0,302,47,5,1
0,302,48,5,1
0,302,49,5,1
0,302,50,5,1
0,302,51,5,1
0,302,52,5,1
0,302,53,5,1
0,302,54,5,1
0,302,55,5,1
0,302,56,5,1
0,302,57,5,1
0,303,39,5,1
0,303,40,5,1
0,303,41,5,1
0,303,42,5,1
0,303,43,5,1
0,303,44,5,1
0,303,45,5,1
0,303,46,5,1
0,303,47,5,1
0,303,48,5,1
0,303,49,5,1
0,303,50,5,1
0,303,51,5,1
0,303,52,5,1
0,303,53,5,1
0,303,54,5,1
0,303,55,5,1
0,303,56,5,1
0,303,57,5,1
0,304,39,5,1
0,304,40,5,1
0,304,41,5,1
0,304,42,5,1
0,304,43,5,1
0,304,44,5,1
0,304,45,5,1
0,304,46,5,1
0,304,47,5,1
0,304,48,5,1
0,304,49,5,1
0,304,50,5,1
0,304,51,5,1
0,304,52,5,1
0,304,53,5,1
0,304,54,5,1
0,304,55,5,1
0,304,56,5,1
0,304,57,5,1
0,305,39,5,1
0,305,40,5,1
0,305,41,5,1
0,305,42,5,1
0,305,43,5,1
0,305,44,5,1
0,305,45,5,1
0,305,46,5,1
0,305,47,5,1
0,305,48,5,1
0,305,49,5,1
0,305,50,5,1
0,305,51,5,1
0,305,52,5,1
0,305,53,5,1
0,305,54,5,1
0,305,55,5,1
0,305,56,5,1
0,305,57,5,1
4,300,39,5,1
4,300,40,5,1
4,300,41,5,1
4,300,42,5,1
4,300,43,5,1
4,300,44,5,1
4,300,45,5,1
4,300,46,5,1
4,300,47,5,1
4,300,48,5,1
4,300,49,5,1
4,300,50,5,1
4,300,51,5,1
4,300,52,5,1
4,300,53,5,1
4,300,54,5,1
4,300,55,5,1
4,300,56,5,1
4,300,57,5,1
5,298,53,1,1
2,298,54,5,1
2,298,55,5,1
2,298,56,5,1
2,298,57,5,1
0,286,58,2,1
0,287,58,2,1
0,292,58,2,1
0,293,58,2,1
0,294,58,2,1
0,295,58,2,1
0,298,58,2,1
0,300,58,2,1
0,301,58,2,1
0,302,58,2,1
0,303,58,2,1
0,304,58,2,1
0,305,58,2,1
0,300,59,6,1
0,301,59,6,1
0,302,59,6,1
0,303,59,6,1
0,304,59,6,1
0,305,59,6,1
0,300,60,3,1
0,301,60,3,1
0,302,60,3,1
0,303,60,3,1
0,304,60,3,1
0,305,60,3,1
0,298,60,3,1
0,298,59,6,1
0,296,60,10,1
0,297,60,10,1
0,296,58,7,1
0,297,58,7,1
0,292,59,6,1
0,293,59,6,1
0,294,59,6,1
0,295,59,6,1
0,292,60,3,1
0,293,60,3,1
0,294,60,3,1
0,295,60,3,1
0,288,58,7,1
0,289,58,7,1
0,290,58,7,1
0,291,58,7,1
0,288,60,10,1
0,289,60,10,1
0,290,60,10,1
0,291,60,10,1
0,286,59,6,1
0,287,59,6,1
8,299,59,0,1
8,299,60,0,1
0,286,60,3,1
0,287,60,3,1
0,306,39,5,1
0,306,40,5,1
0,306,41,5,1
0,306,42,5,1
0,306,43,5,1
0,306,44,5,1
0,306,45,5,1
0,306,46,5,1
0,306,47,5,1
0,306,48,5,1
0,306,49,5,1
0,306,50,5,1
0,306,51,5,1
0,306,52,5,1
0,306,53,5,1
0,306,54,5,1
0,306,55,5,1
0,306,56,5,1
0,306,57,5,1
0,307,39,5,1
0,307,40,5,1
0,307,41,5,1
0,307,42,5,1
0,307,43,5,1
0,307,44,5,1
0,307,45,5,1
0,307,46,5,1
0,307,47,5,1
0,307,48,5,1
0,307,49,5,1
0,307,50,5,1
0,307,51,5,1
0,307,52,5,1
0,307,53,5,1
0,307,54,5,1
0,307,55,5,1
0,307,56,5,1
0,307,57,5,1
0,308,39,5,1
0,308,40,5,1
0,308,41,5,1
0,308,42,5,1
0,308,43,5,1
0,308,44,5,1
0,308,45,5,1
0,308,46,5,1
0,308,47,5,1
0,308,48,5,1
0,308,49,5,1
0,308,50,5,1
0,308,51,5,1
0,308,52,5,1
0,308,53,5,1
0,308,54,5,1
0,308,55,5,1
0,308,56,5,1
0,308,57,5,1
0,309,39,5,1
0,309,40,5,1
0,309,41,5,1
0,309,42,5,1
0,309,43,5,1
0,309,44,5,1
0,309,45,5,1
0,309,46,5,1
0,309,47,5,1
0,309,48,5,1
0,309,49,5,1
0,309,50,5,1
0,309,51,5,1
0,309,52,5,1
0,309,53,5,1
0,309,54,5,1
0,309,55,5,1
0,309,56,5,1
0,309,57,5,1
0,310,39,5,1
0,310,40,5,1
0,310,41,5,1
0,310,42,5,1
0,310,43,5,1
0,310,44,5,1
0,310,45,5,1
0,310,46,5,1
0,310,47,5,1
0,310,48,5,1
0,310,50,5,1
0,310,51,5,1
0,310,52,5,1
0,310,53,5,1
0,310,54,5,1
0,310,55,5,1
0,310,56,5,1
0,310,57,5,1
0,311,39,5,1
0,311,40,5,1
0,311,41,5,1
0,311,42,5,1
0,311,43,5,1
0,311,44,5,1
0,311,45,5,1
0,311,46,5,1
0,311,47,5,1
0,311,48,5,1
0,311,49,5,1
0,311,50,5,1
0,311,51,5,1
0,311,52,5,1
0,311,53,5,1
0,311,54,5,1
0,311,55,5,1
0,311,56,5,1
0,311,57,5,1
0,306,58,2,1
0,307,58,2,1
0,308,58,2,1
0,309,58,2,1
0,310,58,2,1
0,311,58,2,1
0,306,60,3,1
0,307,60,3,1
0,308,60,3,1
0,309,60,3,1
0,310,60,3,1
0,311,60,3,1
0,306,59,6,1
0,307,59,6,1
0,308,59,6,1
0,309,59,6,1
0,310,59,6,1
0,311,59,6,1
10,237,53,0,1
10,238,53,0,1
10,239,53,0,1
10,240,53,0,1
10,241,53,0,1
10,242,53,0,1
10,243,53,0,1
10,244,53,0,1
10,245,53,0,1
10,246,53,0,1
10,247,53,0,1
10,248,53,0,1
10,249,53,0,1
10,250,53,0,1
10,251,53,0,1
10,252,53,0,1
10,253,53,0,1
10,254,53,0,1
10,255,53,0,1
10,256,53,0,1
10,257,53,0,1
10,258,53,0,1
10,259,53,0,1
10,260,53,0,1
10,261,53,0,1
10,262,53,0,1
10,263,53,0,1
10,264,53,0,1
12,266,53,0,1
11,266,54,0,1
11,266,55,0,1
11,266,56,0,1
10,288,59,0,1
10,289,59,0,1
10,290,59,0,1
10,291,59,0,1
10,296,59,0,1
10,297,59,0,1
1,129,53,1,1
1,130,53,1,1
1,131,53,1,1
1,132,53,1,1
1,133,53,1,1
1,134,53,1,1
1,135,53,1,1
1,136,53,1,1
1,137,53,1,1
1,138,53,1,1
1,139,53,1,1
1,140,53,1,1
1,141,53,1,1
1,142,53,1,1
1,143,53,1,1
1,144,53,1,1
1,145,53,1,1
1,146,53,1,1
0,147,53,1,1
5,238,49,1,1
5,239,49,1,1
5,240,49,1,1
5,253,49,1,1
5,254,49,1,1
5,255,49,1,1
5,257,51,1,1
5,258,51,1,1
5,268,50,1,1
5,269,50,1,1
5,270,50,1,1
5,273,48,1,1
5,274,48,1,1
5,275,48,1,1
5,282,54,1,1
5,283,54,1,1
5,170,49,4,1
5,170,50,4,1
0,129,43,25,1
0,130,43,25,1
0,131,43,25,1
0,132,43,25,1
0,133,43,25,1
0,134,43,25,1
0,135,43,25,1
0,136,43,25,1
0,137,43,25,1
0,138,43,25,1
0,139,43,25,1
0,140,43,25,1
0,141,43,25,1
0,142,43,25,1
0,143,43,25,1
0,144,43,25,1
0,145,43,25,1
0,146,43,25,1
0,147,43,25,1
0,148,43,25,1
0,149,43,25,1
0,150,43,25,1
0,151,43,25,1
0,152,43,25,1
0,153,43,25,1
0,154,43,25,1
0,155,43,25,1
0,156,43,25,1
0,157,43,25,1
0,158,43,25,1
0,159,43,25,1
0,160,43,25,1
0,161,43,25,1
0,162,43,25,1
0,163,43,25,1
0,164,43,25,1
0,165,43,25,1
0,166,43,25,1
0,167,43,25,1
0,168,43,25,1
0,169,43,25,1
0,170,43,25,1
0,171,43,25,1
0,172,43,25,1
0,173,43,25,1
0,174,43,25,1
0,175,43,25,1
0,176,43,25,1
0,177,43,25,1
0,178,43,25,1
0,179,43,25,1
0,180,43,25,1
0,181,43,25,1
0,182,43,25,1
0,183,43,25,1
0,184,43,25,1
0,185,43,25,1
0,186,43,25,1
0,187,43,25,1
0,188,43,25,1
0,189,43,25,1
0,190,43,25,1
0,191,43,25,1
0,192,43,25,1
0,193,43,25,1
0,194,43,25,1
0,195,43,25,1
0,196,43,25,1
0,197,43,25,1
0,198,43,25,1
0,199,43,25,1
0,200,43,25,1
0,201,43,25,1
0,202,43,25,1
0,203,43,25,1
0,204,43,25,1
0,205,43,25,1
0,206,43,25,1
0,207,43,25,1
0,208,43,25,1
0,209,43,25,1
0,210,43,25,1
0,211,43,25,1
0,212,43,25,1
0,213,43,25,1
0,214,43,25,1
0,215,43,25,1
0,216,43,25,1
0,217,43,25,1
0,218,43,25,1
0,219,43,25,1
0,220,43,25,1
0,221,43,25,1
0,222,43,25,1
0,223,43,25,1
0,224,43,25,1
0,225,43,25,1
0,226,43,25,1
0,227,43,25,1
0,228,43,25,1
0,229,43,25,1
0,230,43,25,1
0,231,43,25,1
0,232,43,25,1
0,233,43,25,1
0,234,43,25,1
0,235,43,25,1
0,236,43,25,1
0,237,43,25,1
0,238,43,25,1
0,239,43,25,1
0,240,43,25,1
0,241,43,25,1
0,242,43,25,1
0,243,43,25,1
0,244,43,25,1
0,245,43,25,1
0,246,43,25,1
0,247,43,25,1
0,248,43,25,1
0,249,43,25,1
0,250,43,25,1
0,251,43,25,1
0,252,43,25,1
0,253,43,25,1
0,254,43,25,1
0,255,43,25,1
0,256,43,25,1
0,257,43,25,1
0,258,43,25,1
0,259,43,25,1
0,260,43,25,1
0,261,43,25,1
0,262,43,25,1
0,263,43,25,1
0,264,43,25,1
0,265,43,25,1
0,266,43,25,1
0,267,43,25,1
0,268,43,25,1
0,269,43,25,1
0,270,43,25,1
0,271,43,25,1
0,272,43,25,1
0,273,43,25,1
0,274,43,25,1
0,275,43,25,1
0,276,43,25,1
0,277,43,25,1
0,278,43,25,1
0,279,43,25,1
0,280,43,25,1
0,281,43,25,1
0,282,43,25,1
0,283,43,25,1
0,284,43,25,1
0,285,43,25,1
0,286,43,25,1
0,287,43,25,1
0,288,43,25,1
0,289,43,25,1
0,290,43,25,1
0,291,43,25,1
0,292,43,25,1
0,293,43,25,1
0,294,43,25,1
0,295,43,25,1
5,296,44,8,1
5,297,44,8,1
5,298,44,8,1
5,299,44,8,1
0,296,43,25,1
0,297,43,25,1
0,298,43,25,1
0,299,43,25,1
0,274,42,24,1
0,275,42,24,1
0,276,42,24,1
0,277,42,24,1
0,278,42,24,1
0,279,42,24,1
0,280,42,24,1
0,281,42,24,1
0,282,42,24,1
0,283,42,24,1
0,284,42,24,1
0,285,42,24,1
0,286,42,24,1
0,287,42,24,1
0,288,42,24,1
0,289,42,24,1
0,290,42,24,1
0,291,42,24,1
0,292,42,24,1
0,293,42,24,1
0,294,42,24,1
0,295,42,24,1
0,296,42,24,1
0,297,42,24,1
0,298,42,24,1
0,299,42,24,1
0,262,42,24,1
0,263,42,24,1
0,264,42,24,1
0,265,42,24,1
0,266,42,24,1
0,267,42,24,1
0,268,42,24,1
0,269,42,24,1
0,270,42,24,1
0,271,42,24,1
0,272,42,24,1
0,273,42,24,1
0,239,42,24,1
0,240,42,24,1
0,241,42,24,1
0,242,42,24,1
0,243,42,24,1
0,244,42,24,1
0,245,42,24,1
0,246,42,24,1
0,247,42,24,1
0,248,42,24,1
0,249,42,24,1
0,250,42,24,1
0,251,42,24,1
0,252,42,24,1
0,253,42,24,1
0,254,42,24,1
0,255,42,24,1
0,256,42,24,1
0,257,42,24,1
0,258,42,24,1
0,259,42,24,1
0,260,42,24,1
0,261,42,24,1
0,197,42,24,1
0,198,42,24,1
0,199,42,24,1
0,200,42,24,1
0,201,42,24,1
0,202,42,24,1
0,203,42,24,1
0,204,42,24,1
0,205,42,24,1
0,206,42,24,1
0,207,42,24,1
0,208,42,24,1
0,209,42,24,1
0,210,42,24,1
0,211,42,24,1
0,212,42,24,1
0,213,42,24,1
0,214,42,24,1
0,215,42,24,1
0,216,42,24,1
0,217,42,24,1
0,218,42,24,1
0,219,42,24,1
0,220,42,24,1
0,221,42,24,1
0,222,42,24,1
0,223,42,24,1
0,224,42,24,1
0,225,42,24,1
0,226,42,24,1
0,227,42,24,1
0,228,42,24,1
0,229,42,24,1
0,230,42,24,1
0,231,42,24,1
0,232,42,24,1
0,233,42,24,1
0,234,42,24,1
0,235,42,24,1
0,236,42,24,1
0,237,42,24,1
0,238,42,24,1
0,178,42,24,1
0,179,42,24,1
0,180,42,24,1
0,181,42,24,1
0,182,42,24,1
0,183,42,24,1
0,184,42,24,1
0,185,42,24,1
0,186,42,24,1
0,187,42,24,1
0,188,42,24,1
0,189,42,24,1
0,190,42,24,1
0,191,42,24,1
0,192,42,24,1
0,193,42,24,1
0,194,42,24,1
0,195,42,24,1
0,196,42,24,1
0,178,40,0,1
0,178,41,0,1
0,179,40,0,1
0,179,41,0,1
0,180,40,0,1
0,180,41,0,1
0,181,40,0,1
0,181,41,0,1
0,182,40,0,1
0,182,41,0,1
0,183,40,0,1
0,183,41,0,1
0,184,40,0,1
0,184,41,0,1
0,185,40,0,1
0,185,41,0,1
0,186,40,0,1
0,186,41,0,1
0,187,40,0,1
0,187,41,0,1
0,188,40,0,1
0,188,41,0,1
0,189,40,0,1
0,189,41,0,1
0,190,40,0,1
0,190,41,0,1
0,191,40,0,1
0,191,41,0,1
0,192,40,0,1
0,192,41,0,1
0,193,40,0,1
0,193,41,0,1
0,194,40,0,1
0,194,41,0,1
0,195,40,0,1
0,195,41,0,1
0,196,40,0,1
0,196,41,0,1
0,197,40,0,1
0,197,41,0,1
0,198,40,0,1
0,198,41,0,1
0,199,40,0,1
0,199,41,0,1
0,200,40,0,1
0,200,41,0,1
0,201,40,0,1
0,201,41,0,1
0,202,40,0,1
0,202,41,0,1
0,203,40,0,1
0,203,41,0,1
0,204,40,0,1
0,204,41,0,1
0,205,40,0,1
0,205,41,0,1
0,206,40,0,1
0,206,41,0,1
0,207,40,0,1
0,207,41,0,1
0,208,40,0,1
0,208,41,0,1
0,209,40,0,1
0,209,41,0,1
0,210,40,0,1
0,210,41,0,1
0,211,40,0,1
0,211,41,0,1
0,212,40,0,1
0,212,41,0,1
0,213,40,0,1
0,213,41,0,1
0,214,40,0,1
0,214,41,0,1
0,215,40,0,1
0,215,41,0,1
0,216,40,0,1
0,216,41,0,1
0,217,40,0,1
0,217,41,0,1
0,218,40,0,1
0,218,41,0,1
0,219,40,0,1
0,219,41,0,1
0,220,40,0,1
0,220,41,0,1
0,221,40,0,1
0,221,41,0,1
0,222,40,0,1
0,222,41,0,1
0,223,40,0,1
0,223,41,0,1
0,224,40,0,1
0,224,41,0,1
0,225,40,0,1
0,225,41,0,1
0,226,40,0,1
0,226,41,0,1
0,227,40,0,1
0,227,41,0,1
0,228,40,0,1
0,228,41,0,1
0,229,40,0,1
0,229,41,0,1
0,230,40,0,1
0,230,41,0,1
0,231,40,0,1
0,231,41,0,1
0,232,40,0,1
0,232,41,0,1
0,233,40,0,1
0,233,41,0,1
0,234,40,0,1
0,234,41,0,1
0,235,40,0,1
0,235,41,0,1
0,236,40,0,1
0,236,41,0,1
0,237,40,0,1
0,237,41,0,1
0,238,40,0,1
0,238,41,0,1
0,239,40,0,1
0,239,41,0,1
0,240,40,0,1
0,240,41,0,1
0,241,40,0,1
0,241,41,0,1
0,242,40,0,1
0,242,41,0,1
0,243,40,0,1
0,243,41,0,1
0,244,40,0,1
0,244,41,0,1
0,245,40,0,1
0,245,41,0,1
0,246,40,0,1
0,246,41,0,1
0,247,40,0,1
0,247,41,0,1
0,248,40,0,1
0,248,41,0,1
0,249,40,0,1
0,249,41,0,1
0,250,40,0,1
0,250,41,0,1
0,251,40,0,1
0,251,41,0,1
0,252,40,0,1
0,252,41,0,1
0,253,40,0,1
0,253,41,0,1
0,254,40,0,1
0,254,41,0,1
0,255,40,0,1
0,255,41,0,1
0,256,40,0,1
0,256,41,0,1
0,257,40,0,1
0,257,41,0,1
0,258,40,0,1
0,258,41,0,1
0,259,40,0,1
0,259,41,0,1
0,260,40,0,1
0,260,41,0,1
0,261,40,0,1
0,261,41,0,1
0,262,40,0,1
0,262,41,0,1
0,263,40,0,1
0,263,41,0,1
0,264,40,0,1
0,264,41,0,1
0,265,40,0,1
0,265,41,0,1
0,266,40,0,1
0,266,41,0,1
0,267,40,0,1
0,267,41,0,1
0,268,40,0,1
0,268,41,0,1
0,269,40,0,1
0,269,41,0,1
0,270,40,0,1
0,270,41,0,1
0,271,40,0,1
0,271,41,0,1
0,272,40,0,1
0,272,41,0,1
0,273,40,0,1
0,273,41,0,1
0,274,40,0,1
0,274,41,0,1
0,275,40,0,1
0,275,41,0,1
0,276,40,0,1
0,276,41,0,1
0,277,40,0,1
0,277,41,0,1
0,278,40,0,1
0,278,41,0,1
0,279,40,0,1
0,279,41,0,1
0,280,40,0,1
0,280,41,0,1
0,281,40,0,1
0,281,41,0,1
0,282,40,0,1
0,282,41,0,1
0,283,40,0,1
0,283,41,0,1
0,284,40,0,1
0,284,41,0,1
0,285,40,0,1
0,285,41,0,1
0,286,40,0,1
0,286,41,0,1
0,287,40,0,1
0,287,41,0,1
0,288,40,0,1
0,288,41,0,1
0,289,40,0,1
0,289,41,0,1
0,290,40,0,1
0,290,41,0,1
0,291,40,0,1
0,291,41,0,1
0,292,40,0,1
0,292,41,0,1
0,293,40,0,1
0,293,41,0,1
0,294,40,0,1
0,294,41,0,1
0,295,40,0,1
0,295,41,0,1
0,296,40,0,1
0,296,41,0,1
0,297,40,0,1
0,297,41,0,1
0,298,40,0,1
0,298,41,0,1
0,299,40,0,1
0,299,41,0,1
0,129,52,27,1
0,130,52,27,1
0,131,52,27,1
0,132,52,27,1
0,133,52,27,1
0,134,52,27,1
0,135,52,27,1
0,136,52,27,1
0,137,52,27,1
0,138,52,27,1
0,139,52,27,1
0,140,52,27,1
0,141,52,27,1
0,142,52,27,1
0,143,52,27,1
0,144,52,27,1
0,145,52,27,1
0,146,52,27,1
0,150,52,27,1
0,151,52,27,1
0,152,52,27,1
0,153,52,27,1
0,157,52,27,1
0,158,52,27,1
0,159,52,27,1
0,160,52,27,1
0,161,52,27,1
0,162,52,27,1
0,163,52,27,1
0,164,52,27,1
0,165,52,27,1
0,166,52,27,1
0,169,52,27,1
0,170,52,27,1
0,171,52,27,1
0,172,52,27,1
0,173,52,27,1
0,174,52,27,1
0,175,52,27,1
0,176,52,27,1
0,181,52,27,1
0,182,52,27,1
0,183,52,27,1
0,184,52,27,1
0,185,52,27,1
0,189,52,27,1
0,190,52,27,1
0,191,52,27,1
0,192,52,27,1
0,195,52,27,1
0,196,52,27,1
0,197,52,27,1
0,198,52,27,1
0,201,52,27,1
0,202,52,27,1
0,203,52,27,1
0,204,52,27,1
0,205,52,27,1
0,206,52,27,1
0,207,52,27,1
0,208,52,27,1
0,209,52,27,1
0,210,52,27,1
0,211,52,27,1
0,212,52,27,1
0,213,52,27,1
0,214,52,27,1
0,215,52,27,1
0,216,52,27,1
0,217,52,27,1
0,218,52,27,1
0,219,52,27,1
0,220,52,27,1
0,221,52,27,1
0,222,52,27,1
0,223,52,27,1
0,224,52,27,1
0,225,52,27,1
0,226,52,27,1
0,227,52,27,1
0,228,52,27,1
0,229,52,27,1
0,230,52,27,1
0,231,52,27,1
0,232,52,27,1
0,233,52,27,1
0,234,52,27,1
0,235,52,27,1
0,148,52,26,1
0,149,52,26,1
0,155,52,26,1
0,156,52,26,1
0,167,52,26,1
0,168,52,26,1
0,148,53,11,1
0,149,53,11,1
0,155,53,11,1
0,156,53,11,1
0,167,53,11,1
0,168,53,11,1
0,177,53,11,1
0,178,53,11,1
0,186,53,11,1
0,187,53,11,1
0,188,53,11,1
0,193,53,11,1
0,194,53,11,1
0,199,53,11,1
0,200,53,11,1
0,177,54,0,1
0,177,55,0,1
0,177,56,0,1
0,178,54,0,1
0,178,55,0,1
0,178,56,0,1
0,186,54,0,1
0,186,55,0,1
0,186,56,0,1
0,187,54,0,1
0,187,55,0,1
0,187,56,0,1
0,188,54,0,1
0,188,55,0,1
0,188,56,0,1
0,193,54,0,1
0,193,55,0,1
0,193,56,0,1
0,194,54,0,1
0,194,55,0,1
0,194,56,0,1
0,199,54,0,1
0,199,55,0,1
0,199,56,0,1
0,200,54,0,1
0,200,55,0,1
0,200,56,0,1
0,167,54,0,1
0,167,55,0,1
0,167,56,0,1
0,168,54,0,1
0,168,55,0,1
0,168,56,0,1
0,155,54,0,1
0,155,55,0,1
0,155,56,0,1
0,156,54,0,1
0,156,55,0,1
0,156,56,0,1
0,148,54,0,1
0,148,55,0,1
0,148,56,0,1
0,149,54,0,1
0,149,55,0,1
0,149,56,0,1
0,129,51,22,1
0,130,51,22,1
0,131,51,22,1
0,132,51,22,1
0,133,51,22,1
0,134,51,22,1
0,135,51,22,1
0,136,51,22,1
0,137,51,22,1
0,138,51,22,1
0,139,51,22,1
0,140,51,22,1
0,141,51,22,1
0,142,51,22,1
0,143,51,22,1
0,144,51,22,1
0,145,51,22,1
0,146,51,22,1
0,148,51,22,1
0,149,51,22,1
0,150,51,22,1
0,151,51,22,1
0,152,51,22,1
0,153,51,22,1
0,155,51,22,1
0,156,51,22,1
0,157,51,22,1
0,158,51,22,1
0,159,51,22,1
0,160,51,22,1
0,161,51,22,1
0,162,51,22,1
0,163,51,22,1
0,164,51,22,1
0,165,51,22,1
0,166,51,22,1
0,167,51,22,1
0,168,51,22,1
0,169,51,22,1
0,170,51,22,1
0,171,51,22,1
0,172,51,22,1
0,173,51,22,1
0,174,51,22,1
0,175,51,22,1
0,176,51,22,1
0,179,51,22,1
0,181,51,22,1
0,182,51,22,1
0,183,51,22,1
0,184,51,22,1
0,185,51,22,1
0,189,51,22,1
0,190,51,22,1
0,191,51,22,1
0,192,51,22,1
0,195,51,22,1
0,196,51,22,1
0,197,51,22,1
0,198,51,22,1
0,201,51,22,1
0,202,51,22,1
0,203,51,22,1
0,204,51,22,1
0,205,51,22,1
0,206,51,22,1
0,207,51,22,1
0,208,51,22,1
0,209,51,22,1
0,210,51,22,1
0,211,51,22,1
0,212,51,22,1
0,213,51,22,1
0,214,51,22,1
0,215,51,22,1
0,216,51,22,1
0,217,51,22,1
0,218,51,22,1
0,219,51,22,1
0,220,51,22,1
0,221,51,22,1
0,222,51,22,1
0,223,51,22,1
0,224,51,22,1
0,225,51,22,1
0,226,51,22,1
0,227,51,22,1
0,228,51,22,1
0,229,51,22,1
0,230,51,22,1
0,231,51,22,1
0,232,51,22,1
0,233,51,22,1
0,234,51,22,1
0,235,51,22,1
0,236,51,23,1
0,177,51,22,1
0,178,51,22,1
0,186,51,22,1
0,187,51,22,1
0,188,51,22,1
0,193,51,22,1
0,194,51,22,1
0,199,51,22,1
0,200,51,22,1
0,237,51,22,1
0,238,51,22,1
0,239,51,22,1
0,240,51,22,1
0,241,51,22,1
0,242,51,22,1
0,246,51,22,1
0,247,51,22,1
0,248,51,22,1
0,249,51,22,1
0,250,51,22,1
0,251,51,22,1
0,252,51,22,1
0,253,51,22,1
0,254,51,22,1
0,255,51,22,1
0,256,51,22,1
0,259,51,22,1
0,260,51,22,1
0,261,51,22,1
0,262,51,22,1
0,263,51,22,1
0,264,51,22,1
0,265,51,23,1
0,266,51,22,1
0,267,51,22,1
0,268,51,22,1
0,269,51,22,1
0,270,51,22,1
0,271,51,22,1
0,272,51,22,1
0,273,51,22,1
0,274,51,22,1
0,275,51,22,1
0,276,51,22,1
0,277,51,22,1
0,278,51,22,1
0,279,51,22,1
0,280,51,22,1
0,281,51,22,1
0,282,51,22,1
0,283,51,22,1
0,284,51,22,1
0,285,51,22,1
0,286,51,22,1
0,287,51,22,1
0,288,51,22,1
0,289,51,22,1
0,290,51,22,1
0,291,51,22,1
0,292,51,22,1
0,293,51,22,1
0,294,51,22,1
0,295,51,22,1
0,296,51,22,1
0,297,51,22,1
0,298,51,22,1
0,299,51,22,1
0,286,52,27,1
0,287,52,27,1
0,288,52,27,1
0,289,52,27,1
0,290,52,27,1
0,291,52,27,1
0,292,52,27,1
0,293,52,27,1
0,294,52,27,1
0,295,52,27,1
0,296,52,27,1
0,297,52,27,1
0,298,52,27,1
0,299,52,27,1
0,273,52,26,1
0,274,52,26,1
0,275,52,26,1
0,276,52,26,1
0,277,52,26,1
0,278,52,26,1
0,279,52,26,1
0,280,52,26,1
0,281,52,26,1
0,282,52,26,1
0,283,52,26,1
0,284,52,26,1
0,285,52,26,1
0,266,52,26,1
0,267,52,26,1
0,268,52,26,1
0,269,52,26,1
0,270,52,26,1
0,271,52,26,1
0,272,52,26,1
5,286,53,1,1
0,267,53,11,1
0,268,53,11,1
0,269,53,11,1
0,270,53,11,1
0,271,53,11,1
0,272,53,11,1
0,273,53,11,1
0,274,53,11,1
0,275,53,11,1
0,276,53,11,1
0,277,53,11,1
0,278,53,11,1
0,279,53,11,1
0,280,53,11,1
0,281,53,11,1
0,282,53,11,1
0,283,53,11,1
0,284,53,11,1
0,285,53,11,1
0,267,54,0,1
0,267,55,0,1
0,267,56,0,1
0,268,54,0,1
0,268,55,0,1
0,268,56,0,1
0,269,54,0,1
0,269,55,0,1
0,269,56,0,1
0,270,54,0,1
0,270,55,0,1
0,270,56,0,1
0,271,54,0,1
0,271,55,0,1
0,271,56,0,1
0,272,54,0,1
0,272,55,0,1
0,272,56,0,1
0,273,54,0,1
0,273,55,0,1
0,273,56,0,1
0,274,54,0,1
0,274,55,0,1
0,274,56,0,1
0,275,54,0,1
0,275,55,0,1
0,275,56,0,1
0,276,54,0,1
0,276,55,0,1
0,276,56,0,1
0,277,54,0,1
0,277,55,0,1
0,277,56,0,1
0,278,55,0,1
0,278,56,0,1
0,279,55,0,1
0,279,56,0,1
0,280,55,0,1
0,280,56,0,1
0,281,55,0,1
0,281,56,0,1
0,282,55,0,1
0,282,56,0,1
0,283,55,0,1
0,283,56,0,1
0,284,54,0,1
0,284,55,0,1
0,284,56,0,1
0,285,54,0,1
0,285,55,0,1
0,285,56,0,1
0,259,52,26,1
0,260,52,26,1
0,261,52,26,1
0,262,52,26,1
0,263,52,26,1
0,264,52,26,1
0,251,52,26,1
0,252,52,26,1
0,253,52,26,1
0,254,52,26,1
0,255,52,26,1
0,256,52,26,1
0,257,52,26,1
0,258,52,26,1
0,237,52,26,1
0,238,52,26,1
0,239,52,26,1
0,240,52,26,1
0,241,52,26,1
0,242,52,26,1
0,243,52,26,1
0,244,52,26,1
0,245,52,26,1
0,246,52,26,1
0,247,52,26,1
0,248,52,26,1
0,250,52,26,1
0,200,52,26,1
0,199,52,26,1
0,193,52,26,1
0,194,52,26,1
0,186,52,26,1
0,187,52,26,1
0,188,52,26,1
0,177,52,26,1
0,178,52,26,1
0,179,52,26,1
0,115,40,5,1
0,115,41,5,1
0,115,42,5,1
0,115,43,5,1
0,115,44,5,1
0,115,45,5,1
0,115,46,5,1
0,115,47,5,1
0,115,48,5,1
0,115,49,5,1
0,115,50,5,1
0,115,51,5,1
0,115,52,5,1
0,115,53,5,1
0,115,54,5,1
0,115,55,5,1
0,115,56,5,1
0,115,57,5,1
0,116,40,5,1
0,116,41,5,1
0,116,42,5,1
0,116,43,5,1
0,116,44,5,1
0,116,45,5,1
0,116,46,5,1
0,116,47,5,1
0,116,48,5,1
0,116,49,5,1
0,116,50,5,1
0,116,51,5,1
0,116,52,5,1
0,116,53,5,1
0,116,54,5,1
0,116,55,5,1
0,116,56,5,1
0,116,57,5,1
0,117,40,5,1
0,117,41,5,1
0,117,42,5,1
0,117,43,5,1
0,117,44,5,1
0,117,45,5,1
0,117,46,5,1
0,117,47,5,1
0,117,48,5,1
0,117,49,5,1
0,117,50,5,1
0,117,51,5,1
0,117,52,5,1
0,117,53,5,1
0,117,54,5,1
0,117,55,5,1
0,117,56,5,1
0,117,57,5,1
0,118,40,5,1
0,118,41,5,1
0,118,42,5,1
0,118,43,5,1
0,118,44,5,1
0,118,45,5,1
0,118,46,5,1
0,118,47,5,1
0,118,48,5,1
0,118,49,5,1
0,118,50,5,1
0,118,51,5,1
0,118,52,5,1
0,118,53,5,1
0,118,54,5,1
0,118,55,5,1
0,118,56,5,1
0,118,57,5,1
0,119,40,5,1
0,119,41,5,1
0,119,42,5,1
0,119,43,5,1
0,119,44,5,1
0,119,45,5,1
0,119,46,5,1
0,119,47,5,1
0,119,48,5,1
0,119,49,5,1
0,119,50,5,1
0,119,51,5,1
0,119,52,5,1
0,119,53,5,1
0,119,54,5,1
0,119,55,5,1
0,119,56,5,1
0,119,57,5,1
0,120,40,5,1
0,120,41,5,1
0,120,42,5,1
0,120,43,5,1
0,120,44,5,1
0,120,45,5,1
0,120,46,5,1
0,120,47,5,1
0,120,48,5,1
0,120,49,5,1
0,120,50,5,1
0,120,51,5,1
0,120,52,5,1
0,120,53,5,1
0,120,54,5,1
0,120,55,5,1
0,120,56,5,1
0,120,57,5,1
0,121,40,5,1
0,121,41,5,1
0,121,42,5,1
0,121,43,5,1
0,121,44,5,1
0,121,45,5,1
0,121,46,5,1
0,121,47,5,1
0,121,48,5,1
0,121,49,5,1
0,121,50,5,1
0,121,51,5,1
0,121,52,5,1
0,121,53,5,1
0,121,54,5,1
0,121,55,5,1
0,121,56,5,1
0,121,57,5,1
0,122,40,5,1
0,122,41,5,1
0,122,42,5,1
0,122,43,5,1
0,122,44,5,1
0,122,45,5,1
0,122,46,5,1
0,122,47,5,1
0,122,48,5,1
0,122,49,5,1
0,122,50,5,1
0,122,51,5,1
0,122,52,5,1
0,122,53,5,1
0,122,54,5,1
0,122,55,5,1
0,122,56,5,1
0,122,57,5,1
0,123,40,5,1
0,123,41,5,1
0,123,42,5,1
0,123,43,5,1
0,123,44,5,1
0,123,45,5,1
0,123,46,5,1
0,123,47,5,1
0,123,48,5,1
0,123,49,5,1
0,123,50,5,1
0,123,51,5,1
0,123,52,5,1
0,123,53,5,1
0,123,54,5,1
0,123,55,5,1
0,123,56,5,1
0,123,57,5,1
0,124,40,5,1
0,124,41,5,1
0,124,42,5,1
0,124,43,5,1
0,124,44,5,1
0,124,45,5,1
0,124,46,5,1
0,124,47,5,1
0,124,48,5,1
0,124,49,5,1
0,124,50,5,1
0,124,51,5,1
0,124,52,5,1
0,124,53,5,1
0,124,54,5,1
0,124,55,5,1
0,124,56,5,1
0,124,57,5,1
0,125,40,5,1
0,125,41,5,1
0,125,42,5,1
0,125,43,5,1
0,125,44,5,1
0,125,45,5,1
0,125,46,5,1
0,125,47,5,1
0,125,48,5,1
0,125,49,5,1
0,125,50,5,1
0,125,51,5,1
0,125,52,5,1
0,125,53,5,1
0,125,54,5,1
0,125,55,5,1
0,125,56,5,1
0,125,57,5,1
0,126,40,5,1
0,126,41,5,1
0,126,42,5,1
0,126,43,5,1
0,126,44,5,1
0,126,45,5,1
0,126,46,5,1
0,126,47,5,1
0,126,48,5,1
0,126,49,5,1
0,126,50,5,1
0,126,51,5,1
0,126,52,5,1
0,126,53,5,1
0,126,54,5,1
0,126,55,5,1
0,126,56,5,1
0,126,57,5,1
0,127,40,5,1
0,127,41,5,1
0,127,42,5,1
0,127,43,5,1
0,127,44,5,1
0,127,45,5,1
0,127,46,5,1
0,127,47,5,1
0,127,48,5,1
0,127,49,5,1
0,127,50,5,1
0,127,51,5,1
0,127,52,5,1
0,127,53,5,1
0,127,54,5,1
0,127,55,5,1
0,127,56,5,1
0,127,57,5,1
0,128,53,5,1
0,128,54,5,1
0,128,55,5,1
0,128,56,5,1
0,128,57,5,1
2,128,40,5,1
2,128,41,5,1
2,128,42,5,1
2,128,43,5,1
2,128,44,5,1
2,128,45,5,1
2,128,46,5,1
2,128,47,5,1
2,128,48,5,1
2,128,49,5,1
2,128,50,5,1
2,128,51,5,1
2,128,52,5,1
4,130,40,5,1
4,130,41,5,1
4,130,42,9,1
0,129,57,5,1
0,130,57,5,1
0,131,57,5,1
0,132,57,5,1
0,133,57,5,1
0,134,57,5,1
0,135,57,5,1
0,136,57,5,1
0,137,57,5,1
0,138,57,5,1
0,139,57,5,1
0,140,57,5,1
0,141,57,5,1
0,142,57,5,1
0,143,57,5,1
0,144,57,5,1
0,145,57,5,1
0,146,57,5,1
0,147,57,5,1
0,150,57,5,1
0,151,57,5,1
0,152,57,5,1
0,153,57,5,1
0,154,57,5,1
0,157,57,5,1
0,158,57,5,1
0,159,57,5,1
0,160,57,5,1
0,161,57,5,1
0,162,57,5,1
0,163,57,5,1
0,164,57,5,1
0,165,57,5,1
0,166,57,5,1
0,169,57,5,1
0,170,57,5,1
0,171,57,5,1
0,172,57,5,1
0,173,57,5,1
0,174,57,5,1
0,175,57,5,1
0,176,57,5,1
0,179,57,5,1
0,180,57,5,1
0,181,57,5,1
0,182,57,5,1
0,183,57,5,1
0,184,57,5,1
0,185,57,5,1
0,189,56,5,1
0,189,57,5,1
0,190,56,5,1
0,190,57,5,1
0,191,56,5,1
0,191,57,5,1
0,192,56,5,1
0,192,57,5,1
0,195,57,5,1
0,196,57,5,1
0,197,57,5,1
0,198,57,5,1
0,201,57,5,1
0,202,57,5,1
0,203,57,5,1
0,204,57,5,1
0,205,57,5,1
0,206,57,5,1
0,207,57,5,1
0,208,57,5,1
0,209,57,5,1
0,210,57,5,1
0,211,57,5,1
0,212,57,5,1
0,213,57,5,1
0,214,57,5,1
0,215,57,5,1
0,216,57,5,1
0,217,57,5,1
0,218,57,5,1
0,219,57,5,1
0,220,57,5,1
0,221,57,5,1
0,222,57,5,1
0,223,57,5,1
0,224,57,5,1
0,225,57,5,1
0,226,57,5,1
0,227,57,5,1
0,228,57,5,1
0,229,57,5,1
0,230,57,5,1
0,231,57,5,1
0,232,57,5,1
0,233,57,5,1
0,234,57,5,1
0,235,57,5,1
0,310,49,5,1
5,262,50,1,1
5,278,54,8,1
5,279,54,8,1
5,280,54,8,1
5,281,54,8,1
5,243,51,8,1
5,244,51,8,1
5,245,51,8,1
5,249,52,8,1
5,251,50,8,1
5,260,50,8,1
0,122,50,14,2
0,122,51,14,2
0,122,52,14,2
0,122,53,14,2
0,123,50,14,2
0,123,51,14,2
0,123,52,14,2
0,123,53,14,2
0,124,50,14,2
0,124,51,14,2
0,124,52,14,2
0,124,53,14,2
0,125,50,14,2
0,125,51,14,2
0,125,52,14,2
0,125,53,14,2
0,126,50,14,2
0,126,51,14,2
0,126,52,14,2
0,126,53,14,2
0,127,50,14,2
0,127,51,14,2
0,127,52,14,2
0,127,53,14,2
0,128,50,14,2
0,128,51,14,2
0,128,52,14,2
0,128,53,14,2
0,129,50,14,2
0,129,51,14,2
0,129,52,14,2
0,129,53,14,2
0,130,50,14,2
0,130,51,14,2
0,130,52,14,2
0,130,53,14,2
0,131,50,14,2
0,131,51,14,2
0,131,52,14,2
0,131,53,14,2
0,132,50,14,2
0,132,51,14,2
0,132,52,14,2
0,132,53,14,2
0,133,50,14,2
0,133,51,14,2
0,133,52,14,2
0,133,53,14,2
0,134,50,14,2
0,134,51,14,2
0,134,52,14,2
0,134,53,14,2
0,135,50,14,2
0,135,51,14,2
0,135,52,14,2
0,135,53,14,2
0,136,50,14,2
0,136,51,14,2
0,136,52,14,2
0,136,53,14,2
0,137,50,14,2
0,137,51,14,2
0,137,52,14,2
0,137,53,14,2
0,138,50,14,2
0,138,51,14,2
0,138,52,14,2
0,138,53,14,2
0,139,50,14,2
0,139,51,14,2
0,139,52,14,2
0,139,53,14,2
0,140,50,14,2
0,140,51,14,2
0,140,52,14,2
0,140,53,14,2
0,141,50,14,2
0,141,51,14,2
0,141,52,14,2
0,141,53,14,2
0,142,50,14,2
0,142,51,14,2
0,142,52,14,2
0,142,53,14,2
0,143,50,14,2
0,143,51,14,2
0,143,52,14,2
0,143,53,14,2
0,144,50,14,2
0,144,51,14,2
0,144,52,14,2
0,144,53,14,2
0,145,50,14,2
0,145,51,14,2
0,145,52,14,2
0,145,53,14,2
0,146,50,14,2
0,146,51,14,2
0,146,52,14,2
0,146,53,14,2
0,147,50,14,2
0,147,51,14,2
0,147,52,14,2
0,147,53,14,2
0,148,50,14,2
0,148,51,14,2
0,148,52,14,2
0,148,53,14,2
0,149,50,14,2
0,149,51,14,2
0,149,52,14,2
0,149,53,14,2
0,150,50,14,2
0,150,51,14,2
0,150,52,14,2
0,150,53,14,2
0,151,50,14,2
0,151,51,14,2
0,151,52,14,2
0,151,53,14,2
0,152,50,14,2
0,152,51,14,2
0,152,52,14,2
0,152,53,14,2
0,153,50,14,2
0,153,51,14,2
0,153,52,14,2
0,153,53,14,2
0,122,42,14,2
0,122,43,14,2
0,122,44,14,2
0,122,45,14,2
0,123,42,14,2
0,123,43,14,2
0,123,44,14,2
0,123,45,14,2
0,124,42,14,2
0,124,43,14,2
0,124,44,14,2
0,124,45,14,2
0,125,42,14,2
0,125,43,14,2
0,125,44,14,2
0,125,45,14,2
0,126,42,14,2
0,126,43,14,2
0,126,44,14,2
0,126,45,14,2
0,127,42,14,2
0,127,43,14,2
0,127,44,14,2
0,127,45,14,2
0,128,42,14,2
0,128,43,14,2
0,128,44,14,2
0,128,45,14,2
0,129,42,14,2
0,129,43,14,2
0,129,44,14,2
0,129,45,14,2
0,130,42,14,2
0,130,43,14,2
0,130,44,14,2
0,130,45,14,2
0,131,42,14,2
0,131,43,14,2
0,131,44,14,2
0,131,45,14,2
0,132,42,14,2
0,132,43,14,2
0,132,44,14,2
0,132,45,14,2
0,133,42,14,2
0,133,43,14,2
0,133,44,14,2
0,133,45,14,2
0,134,42,14,2
0,134,43,14,2
0,134,44,14,2
0,134,45,14,2
0,135,42,14,2
0,135,43,14,2
0,135,44,14,2
0,135,45,14,2
0,136,42,14,2
0,136,43,14,2
0,136,44,14,2
0,136,45,14,2
0,137,42,14,2
0,137,43,14,2
0,137,44,14,2
0,137,45,14,2
0,138,42,14,2
0,138,43,14,2
0,138,44,14,2
0,138,45,14,2
0,139,42,14,2
0,139,43,14,2
0,139,44,14,2
0,139,45,14,2
0,140,42,14,2
0,140,43,14,2
0,140,44,14,2
0,140,45,14,2
0,141,42,14,2
0,141,43,14,2
0,141,44,14,2
0,141,45,14,2
0,142,42,14,2
0,142,43,14,2
0,142,44,14,2
0,142,45,14,2
0,143,42,14,2
0,143,43,14,2
0,143,44,14,2
0,143,45,14,2
0,144,42,14,2
0,144,43,14,2
0,144,44,14,2
0,144,45,14,2
0,145,42,14,2
0,145,43,14,2
0,145,44,14,2
0,145,45,14,2
0,146,42,14,2
0,146,43,14,2
0,146,44,14,2
0,146,45,14,2
0,147,42,14,2
0,147,43,14,2
0,147,44,14,2
0,147,45,14,2
0,148,42,14,2
0,148,43,14,2
0,148,44,14,2
0,148,45,14,2
0,149,42,14,2
0,149,43,14,2
0,149,44,14,2
0,149,45,14,2
0,150,42,14,2
0,150,43,14,2
0,150,44,14,2
0,150,45,14,2
0,151,42,14,2
0,151,43,14,2
0,151,44,14,2
0,151,45,14,2
0,152,42,14,2
0,152,43,14,2
0,152,44,14,2
0,152,45,14,2
0,153,42,14,2
0,153,43,14,2
0,153,44,14,2
0,153,45,14,2
0,154,42,14,2
0,154,43,14,2
0,154,44,14,2
0,154,45,14,2
0,155,42,14,2
0,155,43,14,2
0,155,44,14,2
0,155,45,14,2
0,156,42,14,2
0,156,43,14,2
0,156,44,14,2
0,156,45,14,2
0,157,42,14,2
0,157,43,14,2
0,157,44,14,2
0,157,45,14,2
0,158,42,14,2
0,158,43,14,2
0,158,44,14,2
0,158,45,14,2
0,159,42,14,2
0,159,43,14,2
0,159,44,14,2
0,159,45,14,2
0,160,42,14,2
0,160,43,14,2
0,160,44,14,2
0,160,45,14,2
0,161,42,14,2
0,161,43,14,2
0,161,44,14,2
0,161,45,14,2
0,162,42,14,2
0,162,43,14,2
0,162,44,14,2
0,162,45,14,2
0,163,42,14,2
0,163,43,14,2
0,163,44,14,2
0,163,45,14,2
0,164,42,14,2
0,164,43,14,2
0,164,44,14,2
0,164,45,14,2
0,165,42,14,2
0,165,43,14,2
0,165,44,14,2
0,165,45,14,2
0,166,42,14,2
0,166,43,14,2
0,166,44,14,2
0,166,45,14,2
0,167,42,14,2
0,167,43,14,2
0,167,44,14,2
0,167,45,14,2
0,168,42,14,2
0,168,43,14,2
0,168,44,14,2
0,168,45,14,2
0,169,42,14,2
0,169,43,14,2
0,169,44,14,2
0,169,45,14,2
0,170,42,14,2
0,170,43,14,2
0,170,44,14,2
0,170,45,14,2
0,171,42,14,2
0,171,43,14,2
0,171,44,14,2
0,171,45,14,2
0,172,42,14,2
0,172,43,14,2
0,172,44,14,2
0,172,45,14,2
0,173,42,14,2
0,173,43,14,2
0,173,44,14,2
0,173,45,14,2
0,174,42,14,2
0,174,43,14,2
0,174,44,14,2
0,174,45,14,2
0,175,42,14,2
0,175,43,14,2
0,175,44,14,2
0,175,45,14,2
0,176,42,14,2
0,176,43,14,2
0,176,44,14,2
0,176,45,14,2
0,177,42,14,2
0,177,43,14,2
0,177,44,14,2
0,177,45,14,2
0,178,42,14,2
0,178,43,14,2
0,178,44,14,2
0,178,45,14,2
0,179,42,14,2
0,179,43,14,2
0,179,44,14,2
0,179,45,14,2
0,180,42,14,2
0,180,43,14,2
0,180,44,14,2
0,180,45,14,2
0,181,42,14,2
0,181,43,14,2
0,181,44,14,2
0,181,45,14,2
0,182,42,14,2
0,182,43,14,2
0,182,44,14,2
0,182,45,14,2
0,183,42,14,2
0,183,43,14,2
0,183,44,14,2
0,183,45,14,2
0,184,42,14,2
0,184,43,14,2
0,184,44,14,2
0,184,45,14,2
0,185,42,14,2
0,185,43,14,2
0,185,44,14,2
0,185,45,14,2
0,186,42,14,2
0,186,43,14,2
0,186,44,14,2
0,186,45,14,2
0,187,42,14,2
0,187,43,14,2
0,187,44,14,2
0,187,45,14,2
0,188,42,14,2
0,188,43,14,2
0,188,44,14,2
0,188,45,14,2
0,189,42,14,2
0,189,43,14,2
0,189,44,14,2
0,189,45,14,2
0,190,42,14,2
0,190,43,14,2
0,190,44,14,2
0,190,45,14,2
0,191,42,14,2
0,191,43,14,2
0,191,44,14,2
0,191,45,14,2
0,192,42,14,2
0,192,43,14,2
0,192,44,14,2
0,192,45,14,2
0,193,42,14,2
0,193,43,14,2
0,193,44,14,2
0,193,45,14,2
0,194,42,14,2
0,194,43,14,2
0,194,44,14,2
0,194,45,14,2
0,195,42,14,2
0,195,43,14,2
0,195,44,14,2
0,195,45,14,2
0,196,42,14,2
0,196,43,14,2
0,196,44,14,2
0,196,45,14,2
0,197,42,14,2
0,197,43,14,2
0,197,44,14,2
0,197,45,14,2
0,198,42,14,2
0,198,43,14,2
0,198,44,14,2
0,198,45,14,2
0,199,42,14,2
0,199,43,14,2
0,199,44,14,2
0,199,45,14,2
0,200,42,14,2
0,200,43,14,2
0,200,44,14,2
0,200,45,14,2
0,201,42,14,2
0,201,43,14,2
0,201,44,14,2
0,201,45,14,2
0,202,42,14,2
0,202,43,14,2
0,202,44,14,2
0,202,45,14,2
0,203,42,14,2
0,203,43,14,2
0,203,44,14,2
0,203,45,14,2
0,204,42,14,2
0,204,43,14,2
0,204,44,14,2
0,204,45,14,2
0,205,42,14,2
0,205,43,14,2
0,205,44,14,2
0,205,45,14,2
0,206,42,14,2
0,206,43,14,2
0,206,44,14,2
0,206,45,14,2
0,207,42,14,2
0,207,43,14,2
0,207,44,14,2
0,207,45,14,2
0,208,42,14,2
0,208,43,14,2
0,208,44,14,2
0,208,45,14,2
0,209,42,14,2
0,209,43,14,2
0,209,44,14,2
0,209,45,14,2
0,210,42,14,2
0,210,43,14,2
0,210,44,14,2
0,210,45,14,2
0,211,42,14,2
0,211,43,14,2
0,211,44,14,2
0,211,45,14,2
0,212,42,14,2
0,212,43,14,2
0,212,44,14,2
0,212,45,14,2
0,213,42,14,2
0,213,43,14,2
0,213,44,14,2
0,213,45,14,2
0,214,42,14,2
0,214,43,14,2
0,214,44,14,2
0,214,45,14,2
0,215,42,14,2
0,215,43,14,2
0,215,44,14,2
0,215,45,14,2
0,216,42,14,2
0,216,43,14,2
0,216,44,14,2
0,216,45,14,2
0,217,42,14,2
0,217,43,14,2
0,217,44,14,2
0,217,45,14,2
0,218,42,14,2
0,218,43,14,2
0,218,44,14,2
0,218,45,14,2
0,219,42,14,2
0,219,43,14,2
0,219,44,14,2
0,219,45,14,2
0,220,42,14,2
0,220,43,14,2
0,220,44,14,2
0,220,45,14,2
0,221,42,14,2
0,221,43,14,2
0,221,44,14,2
0,221,45,14,2
0,222,42,14,2
0,222,43,14,2
0,222,44,14,2
0,222,45,14,2
0,223,42,14,2
0,223,43,14,2
0,223,44,14,2
0,223,45,14,2
0,224,42,14,2
0,224,43,14,2
0,224,44,14,2
0,224,45,14,2
0,225,42,14,2
0,225,43,14,2
0,225,44,14,2
0,225,45,14,2
0,226,42,14,2
0,226,43,14,2
0,226,44,14,2
0,226,45,14,2
0,227,42,14,2
0,227,43,14,2
0,227,44,14,2
0,227,45,14,2
0,228,42,14,2
0,228,43,14,2
0,228,44,14,2
0,228,45,14,2
0,229,42,14,2
0,229,43,14,2
0,229,44,14,2
0,229,45,14,2
0,230,42,14,2
0,230,43,14,2
0,230,44,14,2
0,230,45,14,2
0,231,42,14,2
0,231,43,14,2
0,231,44,14,2
0,231,45,14,2
0,232,42,14,2
0,232,43,14,2
0,232,44,14,2
0,232,45,14,2
0,233,42,14,2
0,233,43,14,2
0,233,44,14,2
0,233,45,14,2
0,234,42,14,2
0,234,43,14,2
0,234,44,14,2
0,234,45,14,2
0,235,42,14,2
0,235,43,14,2
0,235,44,14,2
0,235,45,14,2
0,236,42,14,2
0,236,43,14,2
0,236,44,14,2
0,236,45,14,2
0,237,42,14,2
0,237,43,14,2
0,237,44,14,2
0,237,45,14,2
0,238,42,14,2
0,238,43,14,2
0,238,44,14,2
0,238,45,14,2
0,239,42,14,2
0,239,43,14,2
0,239,44,14,2
0,239,45,14,2
0,240,42,14,2
0,240,43,14,2
0,240,44,14,2
0,240,45,14,2
0,241,42,14,2
0,241,43,14,2
0,241,44,14,2
0,241,45,14,2
0,242,42,14,2
0,242,43,14,2
0,242,44,14,2
0,242,45,14,2
0,243,42,14,2
0,243,43,14,2
0,243,44,14,2
0,243,45,14,2
0,244,42,14,2
0,244,43,14,2
0,244,44,14,2
0,244,45,14,2
0,245,42,14,2
0,245,43,14,2
0,245,44,14,2
0,245,45,14,2
0,246,42,14,2
0,246,43,14,2
0,246,44,14,2
0,246,45,14,2
0,247,42,14,2
0,247,43,14,2
0,247,44,14,2
0,247,45,14,2
0,248,42,14,2
0,248,43,14,2
0,248,44,14,2
0,248,45,14,2
0,249,42,14,2
0,249,43,14,2
0,249,44,14,2
0,249,45,14,2
0,250,42,14,2
0,250,43,14,2
0,250,44,14,2
0,250,45,14,2
0,251,42,14,2
0,251,43,14,2
0,251,44,14,2
0,251,45,14,2
0,252,42,14,2
0,252,43,14,2
0,252,44,14,2
0,252,45,14,2
0,253,42,14,2
0,253,43,14,2
0,253,44,14,2
0,253,45,14,2
0,254,42,14,2
0,254,43,14,2
0,254,44,14,2
0,254,45,14,2
0,255,42,14,2
0,255,43,14,2
0,255,44,14,2
0,255,45,14,2
0,256,42,14,2
0,256,43,14,2
0,256,44,14,2
0,256,45,14,2
0,257,42,14,2
0,257,43,14,2
0,257,44,14,2
0,257,45,14,2
0,258,42,14,2
0,258,43,14,2
0,258,44,14,2
0,258,45,14,2
0,259,42,14,2
0,259,43,14,2
0,259,44,14,2
0,259,45,14,2
0,260,42,14,2
0,260,43,14,2
0,260,44,14,2
0,260,45,14,2
0,261,42,14,2
0,261,43,14,2
0,261,44,14,2
0,261,45,14,2
0,262,42,14,2
0,262,43,14,2
0,262,44,14,2
0,262,45,14,2
0,263,42,14,2
0,263,43,14,2
0,263,44,14,2
0,263,45,14,2
0,264,42,14,2
0,264,43,14,2
0,264,44,14,2
0,264,45,14,2
0,265,42,14,2
0,265,43,14,2
0,265,44,14,2
0,265,45,14,2
0,266,42,14,2
0,266,43,14,2
0,266,44,14,2
0,266,45,14,2
0,267,42,14,2
0,267,43,14,2
0,267,44,14,2
0,267,45,14,2
0,268,42,14,2
0,268,43,14,2
0,268,44,14,2
0,268,45,14,2
0,269,42,14,2
0,269,43,14,2
0,269,44,14,2
0,269,45,14,2
0,270,42,14,2
0,270,43,14,2
0,270,44,14,2
0,270,45,14,2
0,271,42,14,2
0,271,43,14,2
0,271,44,14,2
0,271,45,14,2
0,272,42,14,2
0,272,43,14,2
0,272,44,14,2
0,272,45,14,2
0,273,42,14,2
0,273,43,14,2
0,273,44,14,2
0,273,45,14,2
0,274,42,14,2
0,274,43,14,2
0,274,44,14,2
0,274,45,14,2
0,275,42,14,2
0,275,43,14,2
0,275,44,14,2
0,275,45,14,2
0,276,42,14,2
0,276,43,14,2
0,276,44,14,2
0,276,45,14,2
0,277,42,14,2
0,277,43,14,2
0,277,44,14,2
0,277,45,14,2
0,278,42,14,2
0,278,43,14,2
0,278,44,14,2
0,278,45,14,2
0,279,42,14,2
0,279,43,14,2
0,279,44,14,2
0,279,45,14,2
0,280,42,14,2
0,280,43,14,2
0,280,44,14,2
0,280,45,14,2
0,281,42,14,2
0,281,43,14,2
0,281,44,14,2
0,281,45,14,2
0,282,42,14,2
0,282,43,14,2
0,282,44,14,2
0,282,45,14,2
0,283,42,14,2
0,283,43,14,2
0,283,44,14,2
0,283,45,14,2
0,284,42,14,2
0,284,43,14,2
0,284,44,14,2
0,284,45,14,2
0,285,42,14,2
0,285,43,14,2
0,285,44,14,2
0,285,45,14,2
0,286,42,14,2
0,286,43,14,2
0,286,44,14,2
0,286,45,14,2
0,287,42,14,2
0,287,43,14,2
0,287,44,14,2
0,287,45,14,2
0,288,42,14,2
0,288,43,14,2
0,288,44,14,2
0,288,45,14,2
0,289,42,14,2
0,289,43,14,2
0,289,44,14,2
0,289,45,14,2
0,290,42,14,2
0,290,43,14,2
0,290,44,14,2
0,290,45,14,2
0,291,42,14,2
0,291,43,14,2
0,291,44,14,2
0,291,45,14,2
0,292,42,14,2
0,292,43,14,2
0,292,44,14,2
0,292,45,14,2
0,293,42,14,2
0,293,43,14,2
0,293,44,14,2
0,293,45,14,2
0,294,42,14,2
0,294,43,14,2
0,294,44,14,2
0,294,45,14,2
0,295,42,14,2
0,295,43,14,2
0,295,44,14,2
0,295,45,14,2
0,296,42,14,2
0,296,43,14,2
0,296,44,14,2
0,296,45,14,2
0,297,42,14,2
0,297,43,14,2
0,297,44,14,2
0,297,45,14,2
0,298,42,14,2
0,298,43,14,2
0,298,44,14,2
0,298,45,14,2
0,299,42,14,2
0,299,43,14,2
0,299,44,14,2
0,299,45,14,2
0,300,42,14,2
0,300,43,14,2
0,300,44,14,2
0,300,45,14,2
0,301,42,14,2
0,301,43,14,2
0,301,44,14,2
0,301,45,14,2
0,302,42,14,2
0,302,43,14,2
0,302,44,14,2
0,302,45,14,2
0,303,42,14,2
0,303,43,14,2
0,303,44,14,2
0,303,45,14,2
0,304,42,14,2
0,304,43,14,2
0,304,44,14,2
0,304,45,14,2
0,305,42,14,2
0,305,43,14,2
0,305,44,14,2
0,305,45,14,2
0,306,42,14,2
0,306,43,14,2
0,306,44,14,2
0,306,45,14,2
0,307,42,14,2
0,307,43,14,2
0,307,44,14,2
0,307,45,14,2
0,308,42,14,2
0,308,43,14,2
0,308,44,14,2
0,308,45,14,2
0,309,42,14,2
0,309,43,14,2
0,309,44,14,2
0,309,45,14,2
0,310,42,14,2
0,310,43,14,2
0,310,44,14,2
0,310,45,14,2
0,311,42,14,2
0,311,43,14,2
0,311,44,14,2
0,311,45,14,2
0,312,42,14,2
0,312,43,14,2
0,312,44,14,2
0,312,45,14,2
0,313,42,14,2
0,313,43,14,2
0,313,44,14,2
0,313,45,14,2
0,314,42,14,2
0,314,43,14,2
0,314,44,14,2
0,314,45,14,2
0,154,50,14,2
0,154,51,14,2
0,154,52,14,2
0,154,53,14,2
0,155,50,14,2
0,155,51,14,2
0,155,52,14,2
0,155,53,14,2
0,156,50,14,2
0,156,51,14,2
0,156,52,14,2
0,156,53,14,2
0,157,50,14,2
0,157,51,14,2
0,157,52,14,2
0,157,53,14,2
0,158,50,14,2
0,158,51,14,2
0,158,52,14,2
0,158,53,14,2
0,159,50,14,2
0,159,51,14,2
0,159,52,14,2
0,159,53,14,2
0,160,50,14,2
0,160,51,14,2
0,160,52,14,2
0,160,53,14,2
0,161,50,14,2
0,161,51,14,2
0,161,52,14,2
0,161,53,14,2
0,162,50,14,2
0,162,51,14,2
0,162,52,14,2
0,162,53,14,2
0,163,50,14,2
0,163,51,14,2
0,163,52,14,2
0,163,53,14,2
0,164,50,14,2
0,164,51,14,2
0,164,52,14,2
0,164,53,14,2
0,165,50,14,2
0,165,51,14,2
0,165,52,14,2
0,165,53,14,2
0,166,50,14,2
0,166,51,14,2
0,166,52,14,2
0,166,53,14,2
0,167,50,14,2
0,167,51,14,2
0,167,52,14,2
0,167,53,14,2
0,168,50,14,2
0,168,51,14,2
0,168,52,14,2
0,168,53,14,2
0,169,50,14,2
0,169,51,14,2
0,169,52,14,2
0,169,53,14,2
0,170,50,14,2
0,170,51,14,2
0,170,52,14,2
0,170,53,14,2
0,171,50,14,2
0,171,51,14,2
0,171,52,14,2
0,171,53,14,2
0,172,50,14,2
0,172,51,14,2
0,172,52,14,2
0,172,53,14,2
0,173,50,14,2
0,173,51,14,2
0,173,52,14,2
0,173,53,14,2
0,174,50,14,2
0,174,51,14,2
0,174,52,14,2
0,174,53,14,2
0,175,50,14,2
0,175,51,14,2
0,175,52,14,2
0,175,53,14,2
0,176,50,14,2
0,176,51,14,2
0,176,52,14,2
0,176,53,14,2
0,177,50,14,2
0,177,51,14,2
0,177,52,14,2
0,177,53,14,2
0,178,50,14,2
0,178,51,14,2
0,178,52,14,2
0,178,53,14,2
0,179,50,14,2
0,179,51,14,2
0,179,52,14,2
0,179,53,14,2
0,180,50,14,2
0,180,51,14,2
0,180,52,14,2
0,180,53,14,2
0,181,50,14,2
0,181,51,14,2
0,181,52,14,2
0,181,53,14,2
0,182,50,14,2
0,182,51,14,2
0,182,52,14,2
0,182,53,14,2
0,183,50,14,2
0,183,51,14,2
0,183,52,14,2
0,183,53,14,2
0,184,50,14,2
0,184,51,14,2
0,184,52,14,2
0,184,53,14,2
0,185,50,14,2
0,185,51,14,2
0,185,52,14,2
0,185,53,14,2
0,186,50,14,2
0,186,51,14,2
0,186,52,14,2
0,186,53,14,2
0,187,50,14,2
0,187,51,14,2
0,187,52,14,2
0,187,53,14,2
0,188,50,14,2
0,188,51,14,2
0,188,52,14,2
0,188,53,14,2
0,189,50,14,2
0,189,51,14,2
0,189,52,14,2
0,189,53,14,2
0,190,50,14,2
0,190,51,14,2
0,190,52,14,2
0,190,53,14,2
0,191,50,14,2
0,191,51,14,2
0,191,52,14,2
0,191,53,14,2
0,192,50,14,2
0,192,51,14,2
0,192,52,14,2
0,192,53,14,2
0,193,50,14,2
0,193,51,14,2
0,193,52,14,2
0,193,53,14,2
0,194,50,14,2
0,194,51,14,2
0,194,52,14,2
0,194,53,14,2
0,195,50,14,2
0,195,51,14,2
0,195,52,14,2
0,195,53,14,2
0,196,50,14,2
0,196,51,14,2
0,196,52,14,2
0,196,53,14,2
0,197,50,14,2
0,197,51,14,2
0,197,52,14,2
0,197,53,14,2
0,198,50,14,2
0,198,51,14,2
0,198,52,14,2
0,198,53,14,2
0,199,50,14,2
0,199,51,14,2
0,199,52,14,2
0,199,53,14,2
0,200,50,14,2
0,200,51,14,2
0,200,52,14,2
0,200,53,14,2
0,201,50,14,2
0,201,51,14,2
0,201,52,14,2
0,201,53,14,2
0,202,50,14,2
0,202,51,14,2
0,202,52,14,2
0,202,53,14,2
0,203,50,14,2
0,203,51,14,2
0,203,52,14,2
0,203,53,14,2
0,204,50,14,2
0,204,51,14,2
0,204,52,14,2
0,204,53,14,2
0,205,50,14,2
0,205,51,14,2
0,205,52,14,2
0,205,53,14,2
0,206,50,14,2
0,206,51,14,2
0,206,52,14,2
0,206,53,14,2
0,207,50,14,2
0,207,51,14,2
0,207,52,14,2
0,207,53,14,2
0,208,50,14,2
0,208,51,14,2
0,208,52,14,2
0,208,53,14,2
0,209,50,14,2
0,209,51,14,2
0,209,52,14,2
0,209,53,14,2
0,210,50,14,2
0,210,51,14,2
0,210,52,14,2
0,210,53,14,2
0,211,50,14,2
0,211,51,14,2
0,211,52,14,2
0,211,53,14,2
0,212,50,14,2
0,212,51,14,2
0,212,52,14,2
0,212,53,14,2
0,213,50,14,2
0,213,51,14,2
0,213,52,14,2
0,213,53,14,2
0,214,50,14,2
0,214,51,14,2
0,214,52,14,2
0,214,53,14,2
0,215,50,14,2
0,215,51,14,2
0,215,52,14,2
0,215,53,14,2
0,216,50,14,2
0,216,51,14,2
0,216,52,14,2
0,216,53,14,2
0,217,50,14,2
0,217,51,14,2
0,217,52,14,2
0,217,53,14,2
0,218,50,14,2
0,218,51,14,2
0,218,52,14,2
0,218,53,14,2
0,219,50,14,2
0,219,51,14,2
0,219,52,14,2
0,219,53,14,2
0,220,50,14,2
0,220,51,14,2
0,220,52,14,2
0,220,53,14,2
0,221,50,14,2
0,221,51,14,2
0,221,52,14,2
0,221,53,14,2
0,222,50,14,2
0,222,51,14,2
0,222,52,14,2
0,222,53,14,2
0,223,50,14,2
0,223,51,14,2
0,223,52,14,2
0,223,53,14,2
0,224,50,14,2
0,224,51,14,2
0,224,52,14,2
0,224,53,14,2
0,225,50,14,2
0,225,51,14,2
0,225,52,14,2
0,225,53,14,2
0,226,50,14,2
0,226,51,14,2
0,226,52,14,2
0,226,53,14,2
0,227,50,14,2
0,227,51,14,2
0,227,52,14,2
0,227,53,14,2
0,228,50,14,2
0,228,51,14,2
0,228,52,14,2
0,228,53,14,2
0,229,50,14,2
0,229,51,14,2
0,229,52,14,2
0,229,53,14,2
0,230,50,14,2
0,230,51,14,2
0,230,52,14,2
0,230,53,14,2
0,231,50,14,2
0,231,51,14,2
0,231,52,14,2
0,231,53,14,2
0,232,50,14,2
0,232,51,14,2
0,232,52,14,2
0,232,53,14,2
0,233,50,14,2
0,233,51,14,2
0,233,52,14,2
0,233,53,14,2
0,234,50,14,2
0,234,51,14,2
0,234,52,14,2
0,234,53,14,2
0,235,50,14,2
0,235,51,14,2
0,235,52,14,2
0,235,53,14,2
0,236,50,14,2
0,236,51,14,2
0,236,52,14,2
0,236,53,14,2
0,237,50,14,2
0,237,51,14,2
0,237,52,14,2
0,237,53,14,2
0,238,50,14,2
0,238,51,14,2
0,238,52,14,2
0,238,53,14,2
0,239,50,14,2
0,239,51,14,2
0,239,52,14,2
0,239,53,14,2
0,240,50,14,2
0,240,51,14,2
0,240,52,14,2
0,240,53,14,2
0,241,50,14,2
0,241,51,14,2
0,241,52,14,2
0,241,53,14,2
0,242,50,14,2
0,242,51,14,2
0,242,52,14,2
0,242,53,14,2
0,243,50,14,2
0,243,51,14,2
0,243,52,14,2
0,243,53,14,2
0,244,50,14,2
0,244,51,14,2
0,244,52,14,2
0,244,53,14,2
0,245,50,14,2
0,245,51,14,2
0,245,52,14,2
0,245,53,14,2
0,246,50,14,2
0,246,51,14,2
0,246,52,14,2
0,246,53,14,2
0,247,50,14,2
0,247,51,14,2
0,247,52,14,2
0,247,53,14,2
0,248,50,14,2
0,248,51,14,2
0,248,52,14,2
0,248,53,14,2
0,249,50,14,2
0,249,51,14,2
0,249,52,14,2
0,249,53,14,2
0,250,50,14,2
0,250,51,14,2
0,250,52,14,2
0,250,53,14,2
0,251,50,14,2
0,251,51,14,2
0,251,52,14,2
0,251,53,14,2
0,252,50,14,2
0,252,51,14,2
0,252,52,14,2
0,252,53,14,2
0,253,50,14,2
0,253,51,14,2
0,253,52,14,2
0,253,53,14,2
0,254,50,14,2
0,254,51,14,2
0,254,52,14,2
0,254,53,14,2
0,255,50,14,2
0,255,51,14,2
0,255,52,14,2
0,255,53,14,2
0,256,50,14,2
0,256,51,14,2
0,256,52,14,2
0,256,53,14,2
0,257,50,14,2
0,257,51,14,2
0,257,52,14,2
0,257,53,14,2
0,258,50,14,2
0,258,51,14,2
0,258,52,14,2
0,258,53,14,2
0,259,50,14,2
0,259,51,14,2
0,259,52,14,2
0,259,53,14,2
0,260,50,14,2
0,260,51,14,2
0,260,52,14,2
0,260,53,14,2
0,261,50,14,2
0,261,51,14,2
0,261,52,14,2
0,261,53,14,2
0,262,50,14,2
0,262,51,14,2
0,262,52,14,2
0,262,53,14,2
0,263,50,14,2
0,263,51,14,2
0,263,52,14,2
0,263,53,14,2
0,264,50,14,2
0,264,51,14,2
0,264,52,14,2
0,264,53,14,2
0,265,50,14,2
0,265,51,14,2
0,265,52,14,2
0,265,53,14,2
0,266,50,14,2
0,266,51,14,2
0,266,52,14,2
0,266,53,14,2
0,267,50,14,2
0,267,51,14,2
0,267,52,14,2
0,267,53,14,2
0,268,50,14,2
0,268,51,14,2
0,268,52,14,2
0,268,53,14,2
0,269,50,14,2
0,269,51,14,2
0,269,52,14,2
0,269,53,14,2
0,270,50,14,2
0,270,51,14,2
0,270,52,14,2
0,270,53,14,2
0,271,50,14,2
0,271,51,14,2
0,271,52,14,2
0,271,53,14,2
0,272,50,14,2
0,272,51,14,2
0,272,52,14,2
0,272,53,14,2
0,273,50,14,2
0,273,51,14,2
0,273,52,14,2
0,273,53,14,2
0,274,50,14,2
0,274,51,14,2
0,274,52,14,2
0,274,53,14,2
0,275,50,14,2
0,275,51,14,2
0,275,52,14,2
0,275,53,14,2
0,276,50,14,2
0,276,51,14,2
0,276,52,14,2
0,276,53,14,2
0,277,50,14,2
0,277,51,14,2
0,277,52,14,2
0,277,53,14,2
0,278,50,14,2
0,278,51,14,2
0,278,52,14,2
0,278,53,14,2
0,279,50,14,2
0,279,51,14,2
0,279,52,14,2
0,279,53,14,2
0,280,50,14,2
0,280,51,14,2
0,280,52,14,2
0,280,53,14,2
0,281,50,14,2
0,281,51,14,2
0,281,52,14,2
0,281,53,14,2
0,282,50,14,2
0,282,51,14,2
0,282,52,14,2
0,282,53,14,2
0,283,50,14,2
0,283,51,14,2
0,283,52,14,2
0,283,53,14,2
0,284,50,14,2
0,284,51,14,2
0,284,52,14,2
0,284,53,14,2
0,285,50,14,2
0,285,51,14,2
0,285,52,14,2
0,285,53,14,2
0,286,50,14,2
0,286,51,14,2
0,286,52,14,2
0,286,53,14,2
0,287,50,14,2
0,287,51,14,2
0,287,52,14,2
0,287,53,14,2
0,288,50,14,2
0,288,51,14,2
0,288,52,14,2
0,288,53,14,2
0,289,50,14,2
0,289,51,14,2
0,289,52,14,2
0,289,53,14,2
0,290,50,14,2
0,290,51,14,2
0,290,52,14,2
0,290,53,14,2
0,291,50,14,2
0,291,51,14,2
0,291,52,14,2
0,291,53,14,2
0,292,50,14,2
0,292,51,14,2
0,292,52,14,2
0,292,53,14,2
0,293,50,14,2
0,293,51,14,2
0,293,52,14,2
0,293,53,14,2
0,294,50,14,2
0,294,51,14,2
0,294,52,14,2
0,294,53,14,2
0,295,50,14,2
0,295,51,14,2
0,295,52,14,2
0,295,53,14,2
0,296,50,14,2
0,296,51,14,2
0,296,52,14,2
0,296,53,14,2
0,297,50,14,2
0,297,51,14,2
0,297,52,14,2
0,297,53,14,2
0,298,50,14,2
0,298,51,14,2
0,298,52,14,2
0,298,53,14,2
0,299,50,14,2
0,299,51,14,2
0,299,52,14,2
0,299,53,14,2
0,300,50,14,2
0,300,51,14,2
0,300,52,14,2
0,300,53,14,2
0,301,50,14,2
0,301,51,14,2
0,301,52,14,2
0,301,53,14,2
0,302,50,14,2
0,302,51,14,2
0,302,52,14,2
0,302,53,14,2
0,303,50,14,2
0,303,51,14,2
0,303,52,14,2
0,303,53,14,2
0,304,50,14,2
0,304,51,14,2
0,304,52,14,2
0,304,53,14,2
0,305,50,14,2
0,305,51,14,2
0,305,52,14,2
0,305,53,14,2
0,306,50,14,2
0,306,51,14,2
0,306,52,14,2
0,306,53,14,2
0,307,50,14,2
0,307,51,14,2
0,307,52,14,2
0,307,53,14,2
0,308,50,14,2
0,308,51,14,2
0,308,52,14,2
0,308,53,14,2
0,309,50,14,2
0,309,51,14,2
0,309,52,14,2
0,309,53,14,2
0,310,50,14,2
0,310,51,14,2
0,310,52,14,2
0,310,53,14,2
0,311,50,14,2
0,311,51,14,2
0,311,52,14,2
0,311,53,14,2
0,312,50,14,2
0,312,51,14,2
0,312,52,14,2
0,312,53,14,2
0,313,50,14,2
0,313,51,14,2
0,313,52,14,2
0,313,53,14,2
0,314,50,14,2
0,314,51,14,2
0,314,52,14,2
0,314,53,14,2
0,123,42,16,3
0,123,43,16,3
0,123,44,16,3
0,123,45,16,3
0,123,46,16,3
0,124,42,16,3
0,124,43,16,3
0,124,44,16,3
0,124,45,16,3
0,124,46,16,3
0,125,42,16,3
0,125,43,16,3
0,125,44,16,3
0,125,45,16,3
0,125,46,16,3
0,126,42,16,3
0,126,43,16,3
0,126,44,16,3
0,126,45,16,3
0,126,46,16,3
0,127,42,16,3
0,127,43,16,3
0,127,44,16,3
0,127,45,16,3
0,127,46,16,3
0,128,42,16,3
0,128,43,16,3
0,128,44,16,3
0,128,45,16,3
0,128,46,16,3
0,129,42,16,3
0,129,43,16,3
0,129,44,16,3
0,129,45,16,3
0,129,46,16,3
0,130,42,16,3
0,130,43,16,3
0,130,44,16,3
0,130,45,16,3
0,130,46,16,3
0,131,42,16,3
0,131,43,16,3
0,131,44,16,3
0,131,45,16,3
0,131,46,16,3
0,132,42,16,3
0,132,43,16,3
0,132,44,16,3
0,132,45,16,3
0,132,46,16,3
0,133,42,16,3
0,133,43,16,3
0,133,44,16,3
0,133,45,16,3
0,133,46,16,3
0,134,42,16,3
0,134,43,16,3
0,134,44,16,3
0,134,45,16,3
0,134,46,16,3
0,135,42,16,3
0,135,43,16,3
0,135,44,16,3
0,135,45,16,3
0,135,46,16,3
0,136,42,16,3
0,136,43,16,3
0,136,44,16,3
0,136,45,16,3
0,136,46,16,3
0,137,42,16,3
0,137,43,16,3
0,137,44,16,3
0,137,45,16,3
0,137,46,16,3
0,138,42,16,3
0,138,43,16,3
0,138,44,16,3
0,138,45,16,3
0,138,46,16,3
0,139,42,16,3
0,139,43,16,3
0,139,44,16,3
0,139,45,16,3
0,139,46,16,3
0,140,42,16,3
0,140,43,16,3
0,140,44,16,3
0,140,45,16,3
0,140,46,16,3
0,141,42,16,3
0,141,43,16,3
0,141,44,16,3
0,141,45,16,3
0,141,46,16,3
0,142,42,16,3
0,142,43,16,3
0,142,44,16,3
0,142,45,16,3
0,142,46,16,3
0,143,42,16,3
0,143,43,16,3
0,143,44,16,3
0,143,45,16,3
0,143,46,16,3
0,144,42,16,3
0,144,43,16,3
0,144,44,16,3
0,144,45,16,3
0,144,46,16,3
0,145,42,16,3
0,145,43,16,3
0,145,44,16,3
0,145,45,16,3
0,145,46,16,3
0,146,42,16,3
0,146,43,16,3
0,146,44,16,3
0,146,45,16,3
0,146,46,16,3
0,147,42,16,3
0,147,43,16,3
0,147,44,16,3
0,147,45,16,3
0,147,46,16,3
0,148,42,16,3
0,148,43,16,3
0,148,44,16,3
0,148,45,16,3
0,148,46,16,3
0,149,42,16,3
0,149,43,16,3
0,149,44,16,3
0,149,45,16,3
0,149,46,16,3
0,150,42,16,3
0,150,43,16,3
0,150,44,16,3
0,150,45,16,3
0,150,46,16,3
0,151,42,16,3
0,151,43,16,3
0,151,44,16,3
0,151,45,16,3
0,151,46,16,3
0,122,50,16,3
0,122,51,16,3
0,122,52,16,3
0,122,53,16,3
0,122,54,16,3
0,123,50,16,3
0,123,51,16,3
0,123,52,16,3
0,123,53,16,3
0,123,54,16,3
0,124,50,16,3
0,124,51,16,3
0,124,52,16,3
0,124,53,16,3
0,124,54,16,3
0,125,50,16,3
0,125,51,16,3
0,125,52,16,3
0,125,53,16,3
0,125,54,16,3
0,126,50,16,3
0,126,51,16,3
0,126,52,16,3
0,126,53,16,3
0,126,54,16,3
0,127,50,16,3
0,127,51,16,3
0,127,52,16,3
0,127,53,16,3
0,127,54,16,3
0,128,50,16,3
0,128,51,16,3
0,128,52,16,3
0,128,53,16,3
0,128,54,16,3
0,129,50,16,3
0,129,51,16,3
0,129,52,16,3
0,129,53,16,3
0,129,54,16,3
0,130,50,16,3
0,130,51,16,3
0,130,52,16,3
0,130,53,16,3
0,130,54,16,3
0,131,50,16,3
0,131,51,16,3
0,131,52,16,3
0,131,53,16,3
0,131,54,16,3
0,132,50,16,3
0,132,51,16,3
0,132,52,16,3
0,132,53,16,3
0,132,54,16,3
0,133,50,16,3
0,133,51,16,3
0,133,52,16,3
0,133,53,16,3
0,133,54,16,3
0,134,50,16,3
0,134,51,16,3
0,134,52,16,3
0,134,53,16,3
0,134,54,16,3
0,135,50,16,3
0,135,51,16,3
0,135,52,16,3
0,135,53,16,3
0,135,54,16,3
0,136,50,16,3
0,136,51,16,3
0,136,52,16,3
0,136,53,16,3
0,136,54,16,3
0,137,50,16,3
0,137,51,16,3
0,137,52,16,3
0,137,53,16,3
0,137,54,16,3
0,138,50,16,3
0,138,51,16,3
0,138,52,16,3
0,138,53,16,3
0,138,54,16,3
0,139,50,16,3
0,139,52,16,3
0,139,53,16,3
0,139,54,16,3
0,140,50,16,3
0,140,52,16,3
0,140,53,16,3
0,140,54,16,3
0,141,50,16,3
0,141,52,16,3
0,141,53,16,3
0,141,54,16,3
0,142,50,16,3
0,142,51,16,3
0,142,52,16,3
0,142,53,16,3
0,142,54,16,3
0,143,51,16,3
0,143,52,16,3
0,143,53,16,3
0,143,54,16,3
0,144,50,16,3
0,144,51,16,3
0,144,52,16,3
0,144,53,16,3
0,144,54,16,3
0,145,50,16,3
0,145,51,16,3
0,145,52,16,3
0,145,53,16,3
0,145,54,16,3
0,146,50,16,3
0,146,51,16,3
0,146,52,16,3
0,146,53,16,3
0,146,54,16,3
0,147,50,16,3
0,147,51,16,3
0,147,52,16,3
0,147,53,16,3
0,147,54,16,3
0,148,50,16,3
0,148,51,16,3
0,148,52,16,3
0,148,53,16,3
0,148,54,16,3
0,149,50,16,3
0,149,51,16,3
0,149,52,16,3
0,149,53,16,3
0,149,54,16,3
0,150,50,16,3
0,150,51,16,3
0,150,52,16,3
0,150,53,16,3
0,150,54,16,3
0,119,42,16,3
0,119,43,16,3
0,119,44,16,3
0,119,45,16,3
0,119,46,16,3
0,120,42,16,3
0,120,43,16,3
0,120,44,16,3
0,120,45,16,3
0,120,46,16,3
0,121,42,16,3
0,121,43,16,3
0,121,44,16,3
0,121,45,16,3
0,121,46,16,3
0,122,42,16,3
0,122,43,16,3
0,122,44,16,3
0,122,45,16,3
0,122,46,16,3
0,119,50,16,3
0,119,51,16,3
0,119,52,16,3
0,119,53,16,3
0,119,54,16,3
0,120,50,16,3
0,120,51,16,3
0,120,52,16,3
0,120,53,16,3
0,120,54,16,3
0,121,50,16,3
0,121,51,16,3
0,121,52,16,3
0,121,53,16,3
0,121,54,16,3
0,152,42,16,3
0,152,43,16,3
0,152,44,16,3
0,152,45,16,3
0,152,46,16,3
0,153,42,16,3
0,153,43,16,3
0,153,44,16,3
0,153,45,16,3
0,153,46,16,3
0,154,42,16,3
0,154,43,16,3
0,154,44,16,3
0,154,45,16,3
0,154,46,16,3
0,155,42,16,3
0,155,43,16,3
0,155,44,16,3
0,155,45,16,3
0,155,46,16,3
0,156,42,16,3
0,156,43,16,3
0,156,44,16,3
0,156,45,16,3
0,156,46,16,3
0,157,42,16,3
0,157,43,16,3
0,157,44,16,3
0,157,45,16,3
0,157,46,16,3
0,158,42,16,3
0,158,43,16,3
0,158,44,16,3
0,158,45,16,3
0,158,46,16,3
0,159,42,16,3
0,159,43,16,3
0,159,44,16,3
0,159,45,16,3
0,159,46,16,3
0,160,42,16,3
0,160,43,16,3
0,160,44,16,3
0,160,45,16,3
0,160,46,16,3
0,161,42,16,3
0,161,43,16,3
0,161,44,16,3
0,161,45,16,3
0,161,46,16,3
0,162,42,16,3
0,162,43,16,3
0,162,44,16,3
0,162,45,16,3
0,162,46,16,3
0,163,42,16,3
0,163,43,16,3
0,163,44,16,3
0,163,45,16,3
0,163,46,16,3
0,164,42,16,3
0,164,43,16,3
0,164,44,16,3
0,164,45,16,3
0,164,46,16,3
0,165,42,16,3
0,165,43,16,3
0,165,44,16,3
0,165,45,16,3
0,165,46,16,3
0,166,42,16,3
0,166,43,16,3
0,166,44,16,3
0,166,45,16,3
0,166,46,16,3
0,167,42,16,3
0,167,43,16,3
0,167,44,16,3
0,167,45,16,3
0,167,46,16,3
0,168,42,16,3
0,168,43,16,3
0,168,44,16,3
0,168,45,16,3
0,168,46,16,3
0,169,42,16,3
0,169,43,16,3
0,169,44,16,3
0,169,45,16,3
0,169,46,16,3
0,170,42,16,3
0,170,43,16,3
0,170,44,16,3
0,170,45,16,3
0,170,46,16,3
0,171,42,16,3
0,171,43,16,3
0,171,44,16,3
0,171,45,16,3
0,171,46,16,3
0,172,42,16,3
0,172,43,16,3
0,172,44,16,3
0,172,45,16,3
0,172,46,16,3
0,173,42,16,3
0,173,43,16,3
0,173,44,16,3
0,173,45,16,3
0,173,46,16,3
0,174,42,16,3
0,174,43,16,3
0,174,44,16,3
0,174,45,16,3
0,174,46,16,3
0,175,42,16,3
0,175,43,16,3
0,175,44,16,3
0,175,45,16,3
0,175,46,16,3
0,176,42,16,3
0,176,43,16,3
0,176,44,16,3
0,176,45,16,3
0,176,46,16,3
0,177,42,16,3
0,177,43,16,3
0,177,44,16,3
0,177,45,16,3
0,177,46,16,3
0,178,42,16,3
0,178,43,16,3
0,178,44,16,3
0,178,45,16,3
0,178,46,16,3
0,179,42,16,3
0,179,43,16,3
0,179,44,16,3
0,179,45,16,3
0,179,46,16,3
0,180,42,16,3
0,180,43,16,3
0,180,44,16,3
0,180,45,16,3
0,180,46,16,3
0,181,42,16,3
0,181,43,16,3
0,181,44,16,3
0,181,45,16,3
0,181,46,16,3
0,182,42,16,3
0,182,43,16,3
0,182,44,16,3
0,182,45,16,3
0,182,46,16,3
0,183,42,16,3
0,183,43,16,3
0,183,44,16,3
0,183,45,16,3
0,183,46,16,3
0,184,42,16,3
0,184,43,16,3
0,184,44,16,3
0,184,45,16,3
0,184,46,16,3
0,185,42,16,3
0,185,43,16,3
0,185,44,16,3
0,185,45,16,3
0,185,46,16,3
0,186,42,16,3
0,186,43,16,3
0,186,44,16,3
0,186,45,16,3
0,186,46,16,3
0,187,42,16,3
0,187,43,16,3
0,187,44,16,3
0,187,45,16,3
0,187,46,16,3
0,188,42,16,3
0,188,43,16,3
0,188,44,16,3
0,188,45,16,3
0,188,46,16,3
0,189,42,16,3
0,189,43,16,3
0,189,44,16,3
0,189,45,16,3
0,189,46,16,3
0,190,42,16,3
0,190,43,16,3
0,190,44,16,3
0,190,45,16,3
0,190,46,16,3
0,191,42,16,3
0,191,43,16,3
0,191,44,16,3
0,191,45,16,3
0,191,46,16,3
0,192,42,16,3
0,192,43,16,3
0,192,44,16,3
0,192,45,16,3
0,192,46,16,3
0,193,42,16,3
0,193,43,16,3
0,193,44,16,3
0,193,45,16,3
0,193,46,16,3
0,194,42,16,3
0,194,43,16,3
0,194,44,16,3
0,194,45,16,3
0,194,46,16,3
0,195,42,16,3
0,195,43,16,3
0,195,44,16,3
0,195,45,16,3
0,195,46,16,3
0,196,42,16,3
0,196,43,16,3
0,196,44,16,3
0,196,45,16,3
0,196,46,16,3
0,197,42,16,3
0,197,43,16,3
0,197,44,16,3
0,197,45,16,3
0,197,46,16,3
0,198,42,16,3
0,198,43,16,3
0,198,44,16,3
0,198,45,16,3
0,198,46,16,3
0,199,42,16,3
0,199,43,16,3
0,199,44,16,3
0,199,45,16,3
0,199,46,16,3
0,200,42,16,3
0,200,43,16,3
0,200,44,16,3
0,200,45,16,3
0,200,46,16,3
0,201,42,16,3
0,201,43,16,3
0,201,44,16,3
0,201,45,16,3
0,201,46,16,3
0,202,42,16,3
0,202,43,16,3
0,202,44,16,3
0,202,45,16,3
0,202,46,16,3
0,203,42,16,3
0,203,43,16,3
0,203,44,16,3
0,203,45,16,3
0,203,46,16,3
0,204,42,16,3
0,204,43,16,3
0,204,44,16,3
0,204,45,16,3
0,204,46,16,3
0,205,42,16,3
0,205,43,16,3
0,205,44,16,3
0,205,45,16,3
0,205,46,16,3
0,206,42,16,3
0,206,43,16,3
0,206,44,16,3
0,206,45,16,3
0,206,46,16,3
0,207,42,16,3
0,207,43,16,3
0,207,44,16,3
0,207,45,16,3
0,207,46,16,3
0,208,42,16,3
0,208,43,16,3
0,208,44,16,3
0,208,45,16,3
0,208,46,16,3
0,209,42,16,3
0,209,43,16,3
0,209,44,16,3
0,209,45,16,3
0,209,46,16,3
0,210,42,16,3
0,210,43,16,3
0,210,44,16,3
0,210,45,16,3
0,210,46,16,3
0,211,42,16,3
0,211,43,16,3
0,211,44,16,3
0,211,45,16,3
0,211,46,16,3
0,212,42,16,3
0,212,43,16,3
0,212,44,16,3
0,212,45,16,3
0,212,46,16,3
0,213,42,16,3
0,213,43,16,3
0,213,44,16,3
0,213,45,16,3
0,213,46,16,3
0,214,42,16,3
0,214,43,16,3
0,214,44,16,3
0,214,45,16,3
0,214,46,16,3
0,215,42,16,3
0,215,43,16,3
0,215,44,16,3
0,215,45,16,3
0,215,46,16,3
0,216,42,16,3
0,216,43,16,3
0,216,44,16,3
0,216,45,16,3
0,216,46,16,3
0,217,42,16,3
0,217,43,16,3
0,217,44,16,3
0,217,45,16,3
0,217,46,16,3
0,218,42,16,3
0,218,43,16,3
0,218,44,16,3
0,218,45,16,3
0,218,46,16,3
0,219,42,16,3
0,219,43,16,3
0,219,44,16,3
0,219,45,16,3
0,219,46,16,3
0,220,42,16,3
0,220,43,16,3
0,220,44,16,3
0,220,45,16,3
0,220,46,16,3
0,221,42,16,3
0,221,43,16,3
0,221,44,16,3
0,221,45,16,3
0,221,46,16,3
0,222,42,16,3
0,222,43,16,3
0,222,44,16,3
0,222,45,16,3
0,222,46,16,3
0,223,42,16,3
0,223,43,16,3
0,223,44,16,3
0,223,45,16,3
0,223,46,16,3
0,224,42,16,3
0,224,43,16,3
0,224,44,16,3
0,224,45,16,3
0,224,46,16,3
0,225,42,16,3
0,225,43,16,3
0,225,44,16,3
0,225,45,16,3
0,225,46,16,3
0,226,42,16,3
0,226,43,16,3
0,226,44,16,3
0,226,45,16,3
0,226,46,16,3
0,227,42,16,3
0,227,43,16,3
0,227,44,16,3
0,227,45,16,3
0,227,46,16,3
0,228,42,16,3
0,228,43,16,3
0,228,44,16,3
0,228,45,16,3
0,228,46,16,3
0,229,42,16,3
0,229,43,16,3
0,229,44,16,3
0,229,45,16,3
0,229,46,16,3
0,230,42,16,3
0,230,43,16,3
0,230,44,16,3
0,230,45,16,3
0,230,46,16,3
0,231,42,16,3
0,231,43,16,3
0,231,44,16,3
0,231,45,16,3
0,231,46,16,3
0,232,42,16,3
0,232,43,16,3
0,232,44,16,3
0,232,45,16,3
0,232,46,16,3
0,233,42,16,3
0,233,43,16,3
0,233,44,16,3
0,233,45,16,3
0,233,46,16,3
0,234,42,16,3
0,234,43,16,3
0,234,44,16,3
0,234,45,16,3
0,234,46,16,3
0,235,42,16,3
0,235,43,16,3
0,235,44,16,3
0,235,45,16,3
0,235,46,16,3
0,236,42,16,3
0,236,43,16,3
0,236,44,16,3
0,236,45,16,3
0,236,46,16,3
0,237,42,16,3
0,237,43,16,3
0,237,44,16,3
0,237,45,16,3
0,237,46,16,3
0,238,42,16,3
0,238,43,16,3
0,238,44,16,3
0,238,45,16,3
0,238,46,16,3
0,239,42,16,3
0,239,43,16,3
0,239,44,16,3
0,239,45,16,3
0,239,46,16,3
0,240,42,16,3
0,240,43,16,3
0,240,44,16,3
0,240,45,16,3
0,240,46,16,3
0,241,42,16,3
0,241,43,16,3
0,241,44,16,3
0,241,45,16,3
0,241,46,16,3
0,242,42,16,3
0,242,43,16,3
0,242,44,16,3
0,242,45,16,3
0,242,46,16,3
0,243,42,16,3
0,243,43,16,3
0,243,44,16,3
0,243,45,16,3
0,243,46,16,3
0,244,42,16,3
0,244,43,16,3
0,244,44,16,3
0,244,45,16,3
0,244,46,16,3
0,245,42,16,3
0,245,43,16,3
0,245,44,16,3
0,245,45,16,3
0,245,46,16,3
0,246,42,16,3
0,246,43,16,3
0,246,44,16,3
0,246,45,16,3
0,246,46,16,3
0,247,42,16,3
0,247,43,16,3
0,247,44,16,3
0,247,45,16,3
0,247,46,16,3
0,248,42,16,3
0,248,43,16,3
0,248,44,16,3
0,248,45,16,3
0,248,46,16,3
0,249,42,16,3
0,249,43,16,3
0,249,44,16,3
0,249,45,16,3
0,249,46,16,3
0,250,42,16,3
0,250,43,16,3
0,250,44,16,3
0,250,45,16,3
0,250,46,16,3
0,251,42,16,3
0,251,43,16,3
0,251,44,16,3
0,251,45,16,3
0,251,46,16,3
0,252,42,16,3
0,252,43,16,3
0,252,44,16,3
0,252,45,16,3
0,252,46,16,3
0,253,42,16,3
0,253,43,16,3
0,253,44,16,3
0,253,45,16,3
0,253,46,16,3
0,254,42,16,3
0,254,43,16,3
0,254,44,16,3
0,254,45,16,3
0,254,46,16,3
0,255,42,16,3
0,255,43,16,3
0,255,44,16,3
0,255,45,16,3
0,255,46,16,3
0,256,42,16,3
0,256,43,16,3
0,256,44,16,3
0,256,45,16,3
0,256,46,16,3
0,257,42,16,3
0,257,43,16,3
0,257,44,16,3
0,257,45,16,3
0,257,46,16,3
0,258,42,16,3
0,258,43,16,3
0,258,44,16,3
0,258,45,16,3
0,258,46,16,3
0,259,42,16,3
0,259,43,16,3
0,259,44,16,3
0,259,45,16,3
0,259,46,16,3
0,260,42,16,3
0,260,43,16,3
0,260,44,16,3
0,260,45,16,3
0,260,46,16,3
0,261,42,16,3
0,261,43,16,3
0,261,44,16,3
0,261,45,16,3
0,261,46,16,3
0,262,42,16,3
0,262,43,16,3
0,262,44,16,3
0,262,45,16,3
0,262,46,16,3
0,263,42,16,3
0,263,43,16,3
0,263,44,16,3
0,263,45,16,3
0,263,46,16,3
0,264,42,16,3
0,264,43,16,3
0,264,44,16,3
0,264,45,16,3
0,264,46,16,3
0,265,42,16,3
0,265,43,16,3
0,265,44,16,3
0,265,45,16,3
0,265,46,16,3
0,266,42,16,3
0,266,43,16,3
0,266,44,16,3
0,266,45,16,3
0,266,46,16,3
0,267,42,16,3
0,267,43,16,3
0,267,44,16,3
0,267,45,16,3
0,267,46,16,3
0,268,42,16,3
0,268,43,16,3
0,268,44,16,3
0,268,45,16,3
0,268,46,16,3
0,269,42,16,3
0,269,43,16,3
0,269,44,16,3
0,269,45,16,3
0,269,46,16,3
0,270,42,16,3
0,270,43,16,3
0,270,44,16,3
0,270,45,16,3
0,270,46,16,3
0,271,42,16,3
0,271,43,16,3
0,271,44,16,3
0,271,45,16,3
0,271,46,16,3
0,272,42,16,3
0,272,43,16,3
0,272,44,16,3
0,272,45,16,3
0,272,46,16,3
0,273,42,16,3
0,273,43,16,3
0,273,44,16,3
0,273,45,16,3
0,273,46,16,3
0,274,42,16,3
0,274,43,16,3
0,274,44,16,3
0,274,45,16,3
0,274,46,16,3
0,275,42,16,3
0,275,43,16,3
0,275,44,16,3
0,275,45,16,3
0,275,46,16,3
0,276,42,16,3
0,276,43,16,3
0,276,44,16,3
0,276,45,16,3
0,276,46,16,3
0,277,42,16,3
0,277,43,16,3
0,277,44,16,3
0,277,45,16,3
0,277,46,16,3
0,278,42,16,3
0,278,43,16,3
0,278,44,16,3
0,278,45,16,3
0,278,46,16,3
0,279,42,16,3
0,279,43,16,3
0,279,44,16,3
0,279,45,16,3
0,279,46,16,3
0,280,42,16,3
0,280,43,16,3
0,280,44,16,3
0,280,45,16,3
0,280,46,16,3
0,281,42,16,3
0,281,43,16,3
0,281,44,16,3
0,281,45,16,3
0,281,46,16,3
0,282,42,16,3
0,282,43,16,3
0,282,44,16,3
0,282,45,16,3
0,282,46,16,3
0,283,42,16,3
0,283,43,16,3
0,283,44,16,3
0,283,45,16,3
0,283,46,16,3
0,284,42,16,3
0,284,43,16,3
0,284,44,16,3
0,284,45,16,3
0,284,46,16,3
0,285,42,16,3
0,285,43,16,3
0,285,44,16,3
0,285,45,16,3
0,285,46,16,3
0,286,42,16,3
0,286,43,16,3
0,286,44,16,3
0,286,45,16,3
0,286,46,16,3
0,287,42,16,3
0,287,43,16,3
0,287,44,16,3
0,287,45,16,3
0,287,46,16,3
0,288,42,16,3
0,288,43,16,3
0,288,44,16,3
0,288,45,16,3
0,288,46,16,3
0,289,42,16,3
0,289,43,16,3
0,289,44,16,3
0,289,45,16,3
0,289,46,16,3
0,290,42,16,3
0,290,43,16,3
0,290,44,16,3
0,290,45,16,3
0,290,46,16,3
0,291,42,16,3
0,291,43,16,3
0,291,44,16,3
0,291,45,16,3
0,291,46,16,3
0,292,42,16,3
0,292,43,16,3
0,292,44,16,3
0,292,45,16,3
0,292,46,16,3
0,293,42,16,3
0,293,43,16,3
0,293,44,16,3
0,293,45,16,3
0,293,46,16,3
0,294,42,16,3
0,294,43,16,3
0,294,44,16,3
0,294,45,16,3
0,294,46,16,3
0,295,42,16,3
0,295,43,16,3
0,295,44,16,3
0,295,45,16,3
0,295,46,16,3
0,296,42,16,3
0,296,43,16,3
0,296,44,16,3
0,296,45,16,3
0,296,46,16,3
0,297,42,16,3
0,297,43,16,3
0,297,44,16,3
0,297,45,16,3
0,297,46,16,3
0,298,42,16,3
0,298,43,16,3
0,298,44,16,3
0,298,45,16,3
0,298,46,16,3
0,299,42,16,3
0,299,43,16,3
0,299,44,16,3
0,299,45,16,3
0,299,46,16,3
0,300,42,16,3
0,300,43,16,3
0,300,44,16,3
0,300,45,16,3
0,300,46,16,3
0,301,42,16,3
0,301,43,16,3
0,301,44,16,3
0,301,45,16,3
0,301,46,16,3
0,302,42,16,3
0,302,43,16,3
0,302,44,16,3
0,302,45,16,3
0,302,46,16,3
0,303,42,16,3
0,303,43,16,3
0,303,44,16,3
0,303,45,16,3
0,303,46,16,3
0,304,42,16,3
0,304,43,16,3
0,304,44,16,3
0,304,45,16,3
0,304,46,16,3
0,305,42,16,3
0,305,43,16,3
0,305,44,16,3
0,305,45,16,3
0,305,46,16,3
0,306,42,16,3
0,306,43,16,3
0,306,44,16,3
0,306,45,16,3
0,306,46,16,3
0,307,42,16,3
0,307,43,16,3
0,307,44,16,3
0,307,45,16,3
0,307,46,16,3
0,308,42,16,3
0,308,43,16,3
0,308,44,16,3
0,308,45,16,3
0,308,46,16,3
0,309,42,16,3
0,309,43,16,3
0,309,44,16,3
0,309,45,16,3
0,309,46,16,3
0,151,50,16,3
0,151,51,16,3
0,151,52,16,3
0,151,53,16,3
0,151,54,16,3
0,152,50,16,3
0,152,51,16,3
0,152,52,16,3
0,152,53,16,3
0,152,54,16,3
0,153,50,16,3
0,153,51,16,3
0,153,52,16,3
0,153,53,16,3
0,153,54,16,3
0,154,50,16,3
0,154,51,16,3
0,154,52,16,3
0,154,53,16,3
0,154,54,16,3
0,155,50,16,3
0,155,51,16,3
0,155,52,16,3
0,155,53,16,3
0,155,54,16,3
0,156,50,16,3
0,156,51,16,3
0,156,52,16,3
0,156,53,16,3
0,156,54,16,3
0,157,50,16,3
0,157,51,16,3
0,157,52,16,3
0,157,53,16,3
0,157,54,16,3
0,158,50,16,3
0,158,51,16,3
0,158,52,16,3
0,158,53,16,3
0,158,54,16,3
0,159,50,16,3
0,159,51,16,3
0,159,52,16,3
0,159,53,16,3
0,159,54,16,3
0,160,50,16,3
0,160,51,16,3
0,160,52,16,3
0,160,53,16,3
0,160,54,16,3
0,161,50,16,3
0,161,51,16,3
0,161,52,16,3
0,161,53,16,3
0,161,54,16,3
0,162,50,16,3
0,162,51,16,3
0,162,52,16,3
0,162,53,16,3
0,162,54,16,3
0,163,50,16,3
0,163,51,16,3
0,163,52,16,3
0,163,53,16,3
0,163,54,16,3
0,164,50,16,3
0,164,51,16,3
0,164,52,16,3
0,164,53,16,3
0,164,54,16,3
0,165,50,16,3
0,165,51,16,3
0,165,52,16,3
0,165,53,16,3
0,165,54,16,3
0,166,50,16,3
0,166,51,16,3
0,166,52,16,3
0,166,53,16,3
0,166,54,16,3
0,167,50,16,3
0,167,51,16,3
0,167,52,16,3
0,167,53,16,3
0,167,54,16,3
0,168,50,16,3
0,168,51,16,3
0,168,52,16,3
0,168,53,16,3
0,168,54,16,3
0,169,50,16,3
0,169,51,16,3
0,169,52,16,3
0,169,53,16,3
0,169,54,16,3
0,170,50,16,3
0,170,51,16,3
0,170,52,16,3
0,170,53,16,3
0,170,54,16,3
0,171,50,16,3
0,171,51,16,3
0,171,52,16,3
0,171,53,16,3
0,171,54,16,3
0,172,50,16,3
0,172,51,16,3
0,172,52,16,3
0,172,53,16,3
0,172,54,16,3
0,173,50,16,3
0,173,51,16,3
0,173,52,16,3
0,173,53,16,3
0,173,54,16,3
0,174,50,16,3
0,174,51,16,3
0,174,52,16,3
0,174,53,16,3
0,174,54,16,3
0,175,50,16,3
0,175,51,16,3
0,175,52,16,3
0,175,53,16,3
0,175,54,16,3
0,176,50,16,3
0,176,51,16,3
0,176,52,16,3
0,176,53,16,3
0,176,54,16,3
0,177,50,16,3
0,177,51,16,3
0,177,52,16,3
0,177,53,16,3
0,177,54,16,3
0,178,50,16,3
0,178,51,16,3
0,178,52,16,3
0,178,53,16,3
0,178,54,16,3
0,179,50,16,3
0,179,51,16,3
0,179,52,16,3
0,179,53,16,3
0,179,54,16,3
0,180,50,16,3
0,180,51,16,3
0,180,52,16,3
0,180,53,16,3
0,180,54,16,3
0,181,50,16,3
0,181,51,16,3
0,181,52,16,3
0,181,53,16,3
0,181,54,16,3
0,182,50,16,3
0,182,51,16,3
0,182,52,16,3
0,182,53,16,3
0,182,54,16,3
0,183,50,16,3
0,183,51,16,3
0,183,52,16,3
0,183,53,16,3
0,183,54,16,3
0,184,50,16,3
0,184,51,16,3
0,184,52,16,3
0,184,53,16,3
0,184,54,16,3
0,185,50,16,3
0,185,51,16,3
0,185,52,16,3
0,185,53,16,3
0,185,54,16,3
0,186,50,16,3
0,186,51,16,3
0,186,52,16,3
0,186,53,16,3
0,186,54,16,3
0,187,50,16,3
0,187,51,16,3
0,187,52,16,3
0,187,53,16,3
0,187,54,16,3
0,188,50,16,3
0,188,51,16,3
0,188,52,16,3
0,188,53,16,3
0,188,54,16,3
0,189,50,16,3
0,189,51,16,3
0,189,52,16,3
0,189,53,16,3
0,189,54,16,3
0,190,50,16,3
0,190,51,16,3
0,190,52,16,3
0,190,53,16,3
0,190,54,16,3
0,191,50,16,3
0,191,51,16,3
0,191,52,16,3
0,191,53,16,3
0,191,54,16,3
0,192,50,16,3
0,192,51,16,3
0,192,52,16,3
0,192,53,16,3
0,192,54,16,3
0,193,50,16,3
0,193,51,16,3
0,193,52,16,3
0,193,53,16,3
0,193,54,16,3
0,194,50,16,3
0,194,51,16,3
0,194,52,16,3
0,194,53,16,3
0,194,54,16,3
0,195,50,16,3
0,195,51,16,3
0,195,52,16,3
0,195,53,16,3
0,195,54,16,3
0,196,50,16,3
0,196,51,16,3
0,196,52,16,3
0,196,53,16,3
0,196,54,16,3
0,197,50,16,3
0,197,51,16,3
0,197,52,16,3
0,197,53,16,3
0,197,54,16,3
0,198,50,16,3
0,198,51,16,3
0,198,52,16,3
0,198,53,16,3
0,198,54,16,3
0,199,50,16,3
0,199,51,16,3
0,199,52,16,3
0,199,53,16,3
0,199,54,16,3
0,200,50,16,3
0,200,51,16,3
0,200,52,16,3
0,200,53,16,3
0,200,54,16,3
0,201,50,16,3
0,201,51,16,3
0,201,52,16,3
0,201,53,16,3
0,201,54,16,3
0,202,50,16,3
0,202,51,16,3
0,202,52,16,3
0,202,53,16,3
0,202,54,16,3
0,203,50,16,3
0,203,51,16,3
0,203,52,16,3
0,203,53,16,3
0,203,54,16,3
0,204,50,16,3
0,204,51,16,3
0,204,52,16,3
0,204,53,16,3
0,204,54,16,3
0,205,50,16,3
0,205,51,16,3
0,205,52,16,3
0,205,53,16,3
0,205,54,16,3
0,206,50,16,3
0,206,51,16,3
0,206,52,16,3
0,206,53,16,3
0,206,54,16,3
0,207,50,16,3
0,207,51,16,3
0,207,52,16,3
0,207,53,16,3
0,207,54,16,3
0,208,50,16,3
0,208,51,16,3
0,208,52,16,3
0,208,53,16,3
0,208,54,16,3
0,209,50,16,3
0,209,51,16,3
0,209,52,16,3
0,209,53,16,3
0,209,54,16,3
0,210,50,16,3
0,210,51,16,3
0,210,52,16,3
0,210,53,16,3
0,210,54,16,3
0,211,50,16,3
0,211,51,16,3
0,211,52,16,3
0,211,53,16,3
0,211,54,16,3
0,212,50,16,3
0,212,51,16,3
0,212,52,16,3
0,212,53,16,3
0,212,54,16,3
0,213,50,16,3
0,213,51,16,3
0,213,52,16,3
0,213,53,16,3
0,213,54,16,3
0,214,50,16,3
0,214,51,16,3
0,214,52,16,3
0,214,53,16,3
0,214,54,16,3
0,215,50,16,3
0,215,51,16,3
0,215,52,16,3
0,215,53,16,3
0,215,54,16,3
0,216,50,16,3
0,216,51,16,3
0,216,52,16,3
0,216,53,16,3
0,216,54,16,3
0,217,50,16,3
0,217,51,16,3
0,217,52,16,3
0,217,53,16,3
0,217,54,16,3
0,218,50,16,3
0,218,51,16,3
0,218,52,16,3
0,218,53,16,3
0,218,54,16,3
0,219,50,16,3
0,219,51,16,3
0,219,52,16,3
0,219,53,16,3
0,219,54,16,3
0,220,50,16,3
0,220,51,16,3
0,220,52,16,3
0,220,53,16,3
0,220,54,16,3
0,221,50,16,3
0,221,51,16,3
0,221,52,16,3
0,221,53,16,3
0,221,54,16,3
0,222,50,16,3
0,222,51,16,3
0,222,52,16,3
0,222,53,16,3
0,222,54,16,3
0,223,50,16,3
0,223,51,16,3
0,223,52,16,3
0,223,53,16,3
0,223,54,16,3
0,224,50,16,3
0,224,51,16,3
0,224,52,16,3
0,224,53,16,3
0,224,54,16,3
0,225,50,16,3
0,225,51,16,3
0,225,52,16,3
0,225,53,16,3
0,225,54,16,3
0,226,50,16,3
0,226,51,16,3
0,226,52,16,3
0,226,53,16,3
0,226,54,16,3
0,227,50,16,3
0,227,51,16,3
0,227,52,16,3
0,227,53,16,3
0,227,54,16,3
0,228,50,16,3
0,228,51,16,3
0,228,52,16,3
0,228,53,16,3
0,228,54,16,3
0,229,50,16,3
0,229,51,16,3
0,229,52,16,3
0,229,53,16,3
0,229,54,16,3
0,230,50,16,3
0,230,51,16,3
0,230,52,16,3
0,230,53,16,3
0,230,54,16,3
0,231,50,16,3
0,231,51,16,3
0,231,52,16,3
0,231,53,16,3
0,231,54,16,3
0,232,50,16,3
0,232,51,16,3
0,232,52,16,3
0,232,53,16,3
0,232,54,16,3
0,233,50,16,3
0,233,51,16,3
0,233,52,16,3
0,233,53,16,3
0,233,54,16,3
0,234,50,16,3
0,234,51,16,3
0,234,52,16,3
0,234,53,16,3
0,234,54,16,3
0,235,50,16,3
0,235,51,16,3
0,235,52,16,3
0,235,53,16,3
0,235,54,16,3
0,236,50,16,3
0,236,51,16,3
0,236,52,16,3
0,236,53,16,3
0,236,54,16,3
0,237,50,16,3
0,237,51,16,3
0,237,52,16,3
0,237,53,16,3
0,237,54,16,3
0,238,50,16,3
0,238,51,16,3
0,238,52,16,3
0,238,53,16,3
0,238,54,16,3
0,239,50,16,3
0,239,51,16,3
0,239,52,16,3
0,239,53,16,3
0,239,54,16,3
0,240,50,16,3
0,240,51,16,3
0,240,52,16,3
0,240,53,16,3
0,240,54,16,3
0,241,50,16,3
0,241,51,16,3
0,241,52,16,3
0,241,53,16,3
0,241,54,16,3
0,242,50,16,3
0,242,51,16,3
0,242,52,16,3
0,242,53,16,3
0,242,54,16,3
0,243,50,16,3
0,243,51,16,3
0,243,52,16,3
0,243,53,16,3
0,243,54,16,3
0,244,50,16,3
0,244,51,16,3
0,244,52,16,3
0,244,53,16,3
0,244,54,16,3
0,245,50,16,3
0,245,51,16,3
0,245,52,16,3
0,245,53,16,3
0,245,54,16,3
0,246,50,16,3
0,246,51,16,3
0,246,52,16,3
0,246,53,16,3
0,246,54,16,3
0,247,50,16,3
0,247,51,16,3
0,247,52,16,3
0,247,53,16,3
0,247,54,16,3
0,248,50,16,3
0,248,51,16,3
0,248,52,16,3
0,248,53,16,3
0,248,54,16,3
0,249,50,16,3
0,249,51,16,3
0,249,52,16,3
0,249,53,16,3
0,249,54,16,3
0,250,50,16,3
0,250,51,16,3
0,250,52,16,3
0,250,53,16,3
0,250,54,16,3
0,251,50,16,3
0,251,51,16,3
0,251,52,16,3
0,251,53,16,3
0,251,54,16,3
0,252,50,16,3
0,252,51,16,3
0,252,52,16,3
0,252,53,16,3
0,252,54,16,3
0,253,50,16,3
0,253,51,16,3
0,253,52,16,3
0,253,53,16,3
0,253,54,16,3
0,254,50,16,3
0,254,51,16,3
0,254,52,16,3
0,254,53,16,3
0,254,54,16,3
0,255,50,16,3
0,255,51,16,3
0,255,52,16,3
0,255,53,16,3
0,255,54,16,3
0,256,50,16,3
0,256,51,16,3
0,256,52,16,3
0,256,53,16,3
0,256,54,16,3
0,257,50,16,3
0,257,51,16,3
0,257,52,16,3
0,257,53,16,3
0,257,54,16,3
0,258,50,16,3
0,258,51,16,3
0,258,52,16,3
0,258,53,16,3
0,258,54,16,3
0,259,50,16,3
0,259,51,16,3
0,259,52,16,3
0,259,53,16,3
0,259,54,16,3
0,260,50,16,3
0,260,51,16,3
0,260,52,16,3
0,260,53,16,3
0,260,54,16,3
0,261,50,16,3
0,261,51,16,3
0,261,52,16,3
0,261,53,16,3
0,261,54,16,3
0,262,50,16,3
0,262,51,16,3
0,262,52,16,3
0,262,53,16,3
0,262,54,16,3
0,263,50,16,3
0,263,51,16,3
0,263,52,16,3
0,263,53,16,3
0,263,54,16,3
0,264,50,16,3
0,264,51,16,3
0,264,52,16,3
0,264,53,16,3
0,264,54,16,3
0,265,50,16,3
0,265,51,16,3
0,265,52,16,3
0,265,53,16,3
0,265,54,16,3
0,266,50,16,3
0,266,51,16,3
0,266,52,16,3
0,266,53,16,3
0,266,54,16,3
0,267,50,16,3
0,267,51,16,3
0,267,52,16,3
0,267,53,16,3
0,267,54,16,3
0,268,50,16,3
0,268,51,16,3
0,268,52,16,3
0,268,53,16,3
0,268,54,16,3
0,269,50,16,3
0,269,51,16,3
0,269,52,16,3
0,269,53,16,3
0,269,54,16,3
0,270,50,16,3
0,270,51,16,3
0,270,52,16,3
0,270,53,16,3
0,270,54,16,3
0,271,50,16,3
0,271,51,16,3
0,271,52,16,3
0,271,53,16,3
0,271,54,16,3
0,272,50,16,3
0,272,51,16,3
0,272,52,16,3
0,272,53,16,3
0,272,54,16,3
0,273,50,16,3
0,273,51,16,3
0,273,52,16,3
0,273,53,16,3
0,273,54,16,3
0,274,50,16,3
0,274,51,16,3
0,274,52,16,3
0,274,53,16,3
0,274,54,16,3
0,275,50,16,3
0,275,51,16,3
0,275,52,16,3
0,275,53,16,3
0,275,54,16,3
0,276,50,16,3
0,276,51,16,3
0,276,52,16,3
0,276,53,16,3
0,276,54,16,3
0,277,50,16,3
0,277,51,16,3
0,277,52,16,3
0,277,53,16,3
0,277,54,16,3
0,278,50,16,3
0,278,51,16,3
0,278,52,16,3
0,278,53,16,3
0,278,54,16,3
0,279,50,16,3
0,279,51,16,3
0,279,52,16,3
0,279,53,16,3
0,279,54,16,3
0,280,50,16,3
0,280,51,16,3
0,280,52,16,3
0,280,53,16,3
0,280,54,16,3
0,281,50,16,3
0,281,51,16,3
0,281,52,16,3
0,281,53,16,3
0,281,54,16,3
0,282,50,16,3
0,282,51,16,3
0,282,52,16,3
0,282,53,16,3
0,282,54,16,3
0,283,50,16,3
0,283,51,16,3
0,283,52,16,3
0,283,53,16,3
0,283,54,16,3
0,284,50,16,3
0,284,51,16,3
0,284,52,16,3
0,284,53,16,3
0,284,54,16,3
0,285,50,16,3
0,285,51,16,3
0,285,52,16,3
0,285,53,16,3
0,285,54,16,3
0,286,50,16,3
0,286,51,16,3
0,286,52,16,3
0,286,53,16,3
0,286,54,16,3
0,287,50,16,3
0,287,51,16,3
0,287,52,16,3
0,287,53,16,3
0,287,54,16,3
0,288,50,16,3
0,288,51,16,3
0,288,52,16,3
0,288,53,16,3
0,288,54,16,3
0,289,50,16,3
0,289,51,16,3
0,289,52,16,3
0,289,53,16,3
0,289,54,16,3
0,290,50,16,3
0,290,51,16,3
0,290,52,16,3
0,290,53,16,3
0,290,54,16,3
0,291,50,16,3
0,291,51,16,3
0,291,52,16,3
0,291,53,16,3
0,291,54,16,3
0,292,50,16,3
0,292,51,16,3
0,292,52,16,3
0,292,53,16,3
0,292,54,16,3
0,293,50,16,3
0,293,51,16,3
0,293,52,16,3
0,293,53,16,3
0,293,54,16,3
0,294,50,16,3
0,294,51,16,3
0,294,52,16,3
0,294,53,16,3
0,294,54,16,3
0,295,50,16,3
0,295,51,16,3
0,295,52,16,3
0,295,53,16,3
0,295,54,16,3
0,296,50,16,3
0,296,51,16,3
0,296,52,16,3
0,296,53,16,3
0,296,54,16,3
0,297,50,16,3
0,297,51,16,3
0,297,52,16,3
0,297,53,16,3
0,297,54,16,3
0,298,50,16,3
0,298,51,16,3
0,298,52,16,3
0,298,53,16,3
0,298,54,16,3
0,299,50,16,3
0,299,51,16,3
0,299,52,16,3
0,299,53,16,3
0,299,54,16,3
0,300,50,16,3
0,300,51,16,3
0,300,52,16,3
0,300,53,16,3
0,300,54,16,3
0,301,50,16,3
0,301,51,16,3
0,301,52,16,3
0,301,53,16,3
0,301,54,16,3
0,302,50,16,3
0,302,51,16,3
0,302,52,16,3
0,302,53,16,3
0,302,54,16,3
0,303,50,16,3
0,303,51,16,3
0,303,52,16,3
0,303,53,16,3
0,303,54,16,3
0,304,50,16,3
0,304,51,16,3
0,304,52,16,3
0,304,53,16,3
0,304,54,16,3
0,305,50,16,3
0,305,51,16,3
0,305,52,16,3
0,305,53,16,3
0,305,54,16,3
0,306,50,16,3
0,306,51,16,3
0,306,52,16,3
0,306,53,16,3
0,306,54,16,3
0,307,50,16,3
0,307,51,16,3
0,307,52,16,3
0,307,53,16,3
0,307,54,16,3
0,308,50,16,3
0,308,51,16,3
0,308,52,16,3
0,308,53,16,3
0,308,54,16,3
0,309,50,16,3
0,309,51,16,3
0,309,52,16,3
0,309,53,16,3
0,309,54,16,3
0,143,50,16,3
0,139,51,16,3
0,140,51,16,3
0,141,51,16,3
0,119,49,16,3
0,120,49,16,3
0,121,49,16,3
0,122,49,16,3
0,123,49,16,3
0,124,49,16,3
0,125,49,16,3
0,126,49,16,3
0,127,49,16,3
0,128,49,16,3
0,129,49,16,3
0,130,49,16,3
0,131,49,16,3
0,132,49,16,3
0,133,49,16,3
0,134,49,16,3
0,135,49,16,3
0,136,49,16,3
0,137,49,16,3
0,138,49,16,3
0,139,49,16,3
0,140,49,16,3
0,141,49,16,3
0,142,49,16,3
0,143,49,16,3
0,144,49,16,3
0,145,49,16,3
0,146,49,16,3
0,147,49,16,3
0,148,49,16,3
0,149,49,16,3
0,150,49,16,3
0,151,49,16,3
0,152,49,16,3
0,153,49,16,3
0,154,49,16,3
0,155,49,16,3
0,156,49,16,3
0,157,49,16,3
0,158,49,16,3
0,159,49,16,3
0,160,49,16,3
0,161,49,16,3
0,162,49,16,3
0,163,49,16,3
0,164,49,16,3
0,165,49,16,3
0,166,49,16,3
0,167,49,16,3
0,168,49,16,3
0,169,49,16,3
0,170,49,16,3
0,171,49,16,3
0,172,49,16,3
0,173,49,16,3
0,174,49,16,3
0,175,49,16,3
0,176,49,16,3
0,177,49,16,3
0,178,49,16,3
0,179,49,16,3
0,180,49,16,3
0,181,49,16,3
0,182,49,16,3
0,183,49,16,3
0,184,49,16,3
0,185,49,16,3
0,186,49,16,3
0,187,49,16,3
0,188,49,16,3
0,189,49,16,3
0,190,49,16,3
0,191,49,16,3
0,192,49,16,3
0,193,49,16,3
0,194,49,16,3
0,195,49,16,3
0,196,49,16,3
0,197,49,16,3
0,198,49,16,3
0,199,49,16,3
0,200,49,16,3
0,201,49,16,3
0,202,49,16,3
0,203,49,16,3
0,204,49,16,3
0,205,49,16,3
0,206,49,16,3
0,207,49,16,3
0,208,49,16,3
0,209,49,16,3
0,210,49,16,3
0,211,49,16,3
0,212,49,16,3
0,213,49,16,3
0,214,49,16,3
0,215,49,16,3
0,216,49,16,3
0,217,49,16,3
0,218,49,16,3
0,219,49,16,3
0,220,49,16,3
0,221,49,16,3
0,222,49,16,3
0,223,49,16,3
0,224,49,16,3
0,225,49,16,3
0,226,49,16,3
0,227,49,16,3
0,228,49,16,3
0,229,49,16,3
0,230,49,16,3
0,231,49,16,3
0,232,49,16,3
0,233,49,16,3
0,234,49,16,3
0,235,49,16,3
0,236,49,16,3
0,237,49,16,3
0,238,49,16,3
0,239,49,16,3
0,240,49,16,3
0,241,49,16,3
0,242,49,16,3
0,243,49,16,3
0,244,49,16,3
0,245,49,16,3
0,246,49,16,3
0,247,49,16,3
0,248,49,16,3
0,249,49,16,3
0,250,49,16,3
0,251,49,16,3
0,252,49,16,3
0,253,49,16,3
0,254,49,16,3
0,255,49,16,3
0,256,49,16,3
0,257,49,16,3
0,258,49,16,3
0,259,49,16,3
0,260,49,16,3
0,261,49,16,3
0,262,49,16,3
0,263,49,16,3
0,264,49,16,3
0,265,49,16,3
0,266,49,16,3
0,267,49,16,3
0,268,49,16,3
0,269,49,16,3
0,270,49,16,3
0,271,49,16,3
0,272,49,16,3
0,273,49,16,3
0,274,49,16,3
0,275,49,16,3
0,276,49,16,3
0,277,49,16,3
0,278,49,16,3
0,279,49,16,3
0,280,49,16,3
0,281,49,16,3
0,282,49,16,3
0,283,49,16,3
0,284,49,16,3
0,285,49,16,3
0,286,49,16,3
0,287,49,16,3
0,288,49,16,3
0,289,49,16,3
0,290,49,16,3
0,291,49,16,3
0,292,49,16,3
0,293,49,16,3
0,294,49,16,3
0,295,49,16,3
0,296,49,16,3
0,297,49,16,3
0,298,49,16,3
0,299,49,16,3
0,300,49,16,3
0,301,49,16,3
0,302,49,16,3
0,303,49,16,3
0,304,49,16,3
0,305,49,16,3
0,306,49,16,3
0,307,49,16,3
0,308,49,16,3
0,309,49,16,3
0,128,41,20,4
0,128,42,20,4
0,128,43,20,4
0,128,44,20,4
0,128,45,20,4
0,128,46,20,4
0,128,47,20,4
0,128,48,20,4
0,128,49,20,4
0,128,50,20,4
0,128,51,20,4
0,128,52,20,4
0,128,53,20,4
0,128,54,20,4
0,128,55,20,4
0,128,56,20,4
0,129,41,20,4
0,129,42,20,4
0,129,43,20,4
0,129,44,20,4
0,129,45,20,4
0,129,46,20,4
0,129,47,20,4
0,129,48,20,4
0,129,49,20,4
0,129,50,20,4
0,129,51,20,4
0,129,52,20,4
0,129,53,20,4
0,129,54,20,4
0,129,55,20,4
0,129,56,20,4
0,130,41,20,4
0,130,42,20,4
0,130,43,20,4
0,130,44,20,4
0,130,45,20,4
0,130,46,20,4
0,130,47,20,4
0,130,48,20,4
0,130,49,20,4
0,130,50,20,4
0,130,51,20,4
0,130,52,20,4
0,130,53,20,4
0,130,54,20,4
0,130,55,20,4
0,130,56,20,4
0,131,41,20,4
0,131,42,20,4
0,131,43,20,4
0,131,44,20,4
0,131,45,20,4
0,131,46,20,4
0,131,47,20,4
0,131,48,20,4
0,131,49,20,4
0,131,50,20,4
0,131,51,20,4
0,131,52,20,4
0,131,53,20,4
0,131,54,20,4
0,131,55,20,4
0,131,56,20,4
0,132,41,20,4
0,132,42,20,4
0,132,43,20,4
0,132,44,20,4
0,132,45,20,4
0,132,46,20,4
0,132,47,20,4
0,132,48,20,4
0,132,49,20,4
0,132,50,20,4
0,132,51,20,4
0,132,52,20,4
0,132,53,20,4
0,132,54,20,4
0,132,55,20,4
0,132,56,20,4
0,133,41,20,4
0,133,42,20,4
0,133,43,20,4
0,133,44,20,4
0,133,45,20,4
0,133,46,20,4
0,133,47,20,4
0,133,48,20,4
0,133,49,20,4
0,133,50,20,4
0,133,51,20,4
0,133,52,20,4
0,133,53,20,4
0,133,54,20,4
0,133,55,20,4
0,133,56,20,4
0,134,41,20,4
0,134,42,20,4
0,134,43,20,4
0,134,44,20,4
0,134,45,20,4
0,134,46,20,4
0,134,47,20,4
0,134,48,20,4
0,134,49,20,4
0,134,50,20,4
0,134,51,20,4
0,134,52,20,4
0,134,53,20,4
0,134,54,20,4
0,134,55,20,4
0,134,56,20,4
0,135,41,20,4
0,135,42,20,4
0,135,43,20,4
0,135,44,20,4
0,135,45,20,4
0,135,46,20,4
0,135,47,20,4
0,135,48,20,4
0,135,49,20,4
0,135,50,20,4
0,135,51,20,4
0,135,52,20,4
0,135,53,20,4
0,135,54,20,4
0,135,55,20,4
0,135,56,20,4
0,136,41,20,4
0,136,42,20,4
0,136,43,20,4
0,136,44,20,4
0,136,45,20,4
0,136,46,20,4
0,136,47,20,4
0,136,48,20,4
0,136,49,20,4
0,136,50,20,4
0,136,51,20,4
0,136,52,20,4
0,136,53,20,4
0,136,54,20,4
0,136,55,20,4
0,136,56,20,4
0,137,41,20,4
0,137,42,20,4
0,137,43,20,4
0,137,44,20,4
0,137,45,20,4
0,137,46,20,4
0,137,47,20,4
0,137,48,20,4
0,137,49,20,4
0,137,50,20,4
0,137,51,20,4
0,137,52,20,4
0,137,53,20,4
0,137,54,20,4
0,137,55,20,4
0,137,56,20,4
0,138,41,20,4
0,138,42,20,4
0,138,43,20,4
0,138,44,20,4
0,138,45,20,4
0,138,46,20,4
0,138,47,20,4
0,138,48,20,4
0,138,49,20,4
0,138,50,20,4
0,138,51,20,4
0,138,52,20,4
0,138,53,20,4
0,138,54,20,4
0,138,55,20,4
0,138,56,20,4
0,139,41,20,4
0,139,42,20,4
0,139,43,20,4
0,139,44,20,4
0,139,45,20,4
0,139,46,20,4
0,139,47,20,4
0,139,48,20,4
0,139,49,20,4
0,139,50,20,4
0,139,51,20,4
0,139,52,20,4
0,139,53,20,4
0,139,54,20,4
0,139,55,20,4
0,139,56,20,4
0,140,41,20,4
0,140,42,20,4
0,140,43,20,4
0,140,44,20,4
0,140,45,20,4
0,140,46,20,4
0,140,47,20,4
0,140,48,20,4
0,140,49,20,4
0,140,50,20,4
0,140,51,20,4
0,140,52,20,4
0,140,53,20,4
0,140,54,20,4
0,140,55,20,4
0,140,56,20,4
0,141,41,20,4
0,141,42,20,4
0,141,43,20,4
0,141,44,20,4
0,141,45,20,4
0,141,46,20,4
0,141,47,20,4
0,141,48,20,4
0,141,49,20,4
0,141,50,20,4
0,141,51,20,4
0,141,52,20,4
0,141,53,20,4
0,141,54,20,4
0,141,55,20,4
0,141,56,20,4
0,142,41,20,4
0,142,42,20,4
0,142,43,20,4
0,142,44,20,4
0,142,45,20,4
0,142,46,20,4
0,142,47,20,4
0,142,48,20,4
0,142,49,20,4
0,142,50,20,4
0,142,51,20,4
0,142,52,20,4
0,142,53,20,4
0,142,54,20,4
0,142,55,20,4
0,142,56,20,4
0,143,41,20,4
0,143,42,20,4
0,143,43,20,4
0,143,44,20,4
0,143,45,20,4
0,143,46,20,4
0,143,47,20,4
0,143,48,20,4
0,143,49,20,4
0,143,50,20,4
0,143,51,20,4
0,143,52,20,4
0,143,53,20,4
0,143,54,20,4
0,143,55,20,4
0,143,56,20,4
0,144,41,20,4
0,144,42,20,4
0,144,43,20,4
0,144,44,20,4
0,144,45,20,4
0,144,46,20,4
0,144,47,20,4
0,144,48,20,4
0,144,49,20,4
0,144,50,20,4
0,144,51,20,4
0,144,52,20,4
0,144,53,20,4
0,144,54,20,4
0,144,55,20,4
0,144,56,20,4
0,145,41,20,4
0,145,42,20,4
0,145,43,20,4
0,145,44,20,4
0,145,45,20,4
0,145,46,20,4
0,145,47,20,4
0,145,48,20,4
0,145,49,20,4
0,145,50,20,4
0,145,51,20,4
0,145,52,20,4
0,145,53,20,4
0,145,54,20,4
0,145,55,20,4
0,145,56,20,4
0,146,41,20,4
0,146,42,20,4
0,146,43,20,4
0,146,44,20,4
0,146,45,20,4
0,146,46,20,4
0,146,47,20,4
0,146,48,20,4
0,146,49,20,4
0,146,50,20,4
0,146,51,20,4
0,146,52,20,4
0,146,53,20,4
0,146,54,20,4
0,146,55,20,4
0,146,56,20,4
0,147,41,20,4
0,147,42,20,4
0,147,43,20,4
0,147,44,20,4
0,147,45,20,4
0,147,46,20,4
0,147,47,20,4
0,147,48,20,4
0,147,49,20,4
0,147,50,20,4
0,147,51,20,4
0,147,52,20,4
0,147,53,20,4
0,147,54,20,4
0,147,55,20,4
0,147,56,20,4
0,148,41,20,4
0,148,42,20,4
0,148,43,20,4
0,148,44,20,4
0,148,45,20,4
0,148,46,20,4
0,148,47,20,4
0,148,48,20,4
0,148,49,20,4
0,148,50,20,4
0,148,51,20,4
0,148,52,20,4
0,148,53,20,4
0,148,54,20,4
0,148,55,20,4
0,148,56,20,4
0,149,41,20,4
0,149,42,20,4
0,149,43,20,4
0,149,44,20,4
0,149,45,20,4
0,149,46,20,4
0,149,47,20,4
0,149,48,20,4
0,149,49,20,4
0,149,50,20,4
0,149,51,20,4
0,149,52,20,4
0,149,53,20,4
0,149,54,20,4
0,149,55,20,4
0,149,56,20,4
0,150,41,20,4
0,150,42,20,4
0,150,43,20,4
0,150,44,20,4
0,150,45,20,4
0,150,46,20,4
0,150,47,20,4
0,150,48,20,4
0,150,49,20,4
0,150,50,20,4
0,150,51,20,4
0,150,52,20,4
0,150,53,20,4
0,150,54,20,4
0,150,55,20,4
0,150,56,20,4
0,151,41,20,4
0,151,42,20,4
0,151,43,20,4
0,151,44,20,4
0,151,45,20,4
0,151,46,20,4
0,151,47,20,4
0,151,48,20,4
0,151,49,20,4
0,151,50,20,4
0,151,51,20,4
0,151,52,20,4
0,151,53,20,4
0,151,54,20,4
0,151,55,20,4
0,151,56,20,4
0,152,41,20,4
0,152,42,20,4
0,152,43,20,4
0,152,44,20,4
0,152,45,20,4
0,152,46,20,4
0,152,47,20,4
0,152,48,20,4
0,152,49,20,4
0,152,50,20,4
0,152,51,20,4
0,152,52,20,4
0,152,53,20,4
0,152,54,20,4
0,152,55,20,4
0,152,56,20,4
0,153,41,20,4
0,153,42,20,4
0,153,43,20,4
0,153,44,20,4
0,153,45,20,4
0,153,46,20,4
0,153,47,20,4
0,153,48,20,4
0,153,49,20,4
0,153,50,20,4
0,153,51,20,4
0,153,52,20,4
0,153,53,20,4
0,153,54,20,4
0,153,55,20,4
0,153,56,20,4
0,154,41,20,4
0,154,42,20,4
0,154,43,20,4
0,154,44,20,4
0,154,45,20,4
0,154,46,20,4
0,154,47,20,4
0,154,48,20,4
0,154,49,20,4
0,154,50,20,4
0,154,51,20,4
0,154,52,20,4
0,154,53,20,4
0,154,54,20,4
0,154,55,20,4
0,154,56,20,4
0,155,41,20,4
0,155,42,20,4
0,155,43,20,4
0,155,44,20,4
0,155,45,20,4
0,155,46,20,4
0,155,47,20,4
0,155,48,20,4
0,155,49,20,4
0,155,50,20,4
0,155,51,20,4
0,155,52,20,4
0,155,53,20,4
0,155,54,20,4
0,155,55,20,4
0,155,56,20,4
0,156,41,20,4
0,156,42,20,4
0,156,43,20,4
0,156,44,20,4
0,156,45,20,4
0,156,46,20,4
0,156,47,20,4
0,156,48,20,4
0,156,49,20,4
0,156,50,20,4
0,156,51,20,4
0,156,52,20,4
0,156,53,20,4
0,156,54,20,4
0,156,55,20,4
0,156,56,20,4
0,157,41,20,4
0,157,42,20,4
0,157,43,20,4
0,157,44,20,4
0,157,45,20,4
0,157,46,20,4
0,157,47,20,4
0,157,48,20,4
0,157,49,20,4
0,157,50,20,4
0,157,51,20,4
0,157,52,20,4
0,157,53,20,4
0,157,54,20,4
0,157,55,20,4
0,157,56,20,4
0,158,41,20,4
0,158,42,20,4
0,158,43,20,4
0,158,44,20,4
0,158,45,20,4
0,158,46,20,4
0,158,47,20,4
0,158,48,20,4
0,158,49,20,4
0,158,50,20,4
0,158,51,20,4
0,158,52,20,4
0,158,53,20,4
0,158,54,20,4
0,158,55,20,4
0,158,56,20,4
0,159,41,20,4
0,159,42,20,4
0,159,43,20,4
0,159,44,20,4
0,159,45,20,4
0,159,46,20,4
0,159,47,20,4
0,159,48,20,4
0,159,49,20,4
0,159,50,20,4
0,159,51,20,4
0,159,52,20,4
0,159,53,20,4
0,159,54,20,4
0,159,55,20,4
0,159,56,20,4
0,160,41,20,4
0,160,42,20,4
0,160,43,20,4
0,160,44,20,4
0,160,45,20,4
0,160,46,20,4
0,160,47,20,4
0,160,48,20,4
0,160,49,20,4
0,160,50,20,4
0,160,51,20,4
0,160,52,20,4
0,160,53,20,4
0,160,54,20,4
0,160,55,20,4
0,160,56,20,4
0,161,41,20,4
0,161,42,20,4
0,161,43,20,4
0,161,44,20,4
0,161,45,20,4
0,161,46,20,4
0,161,47,20,4
0,161,48,20,4
0,161,49,20,4
0,161,50,20,4
0,161,51,20,4
0,161,52,20,4
0,161,53,20,4
0,161,54,20,4
0,161,55,20,4
0,161,56,20,4
0,162,41,20,4
0,162,42,20,4
0,162,43,20,4
0,162,44,20,4
0,162,45,20,4
0,162,46,20,4
0,162,47,20,4
0,162,48,20,4
0,162,49,20,4
0,162,50,20,4
0,162,51,20,4
0,162,52,20,4
0,162,53,20,4
0,162,54,20,4
0,162,55,20,4
0,162,56,20,4
0,163,41,20,4
0,163,42,20,4
0,163,43,20,4
0,163,44,20,4
0,163,45,20,4
0,163,46,20,4
0,163,47,20,4
0,163,48,20,4
0,163,49,20,4
0,163,50,20,4
0,163,51,20,4
0,163,52,20,4
0,163,53,20,4
0,163,54,20,4
0,163,55,20,4
0,163,56,20,4
0,164,41,20,4
0,164,42,20,4
0,164,43,20,4
0,164,44,20,4
0,164,45,20,4
0,164,46,20,4
0,164,47,20,4
0,164,48,20,4
0,164,49,20,4
0,164,50,20,4
0,164,51,20,4
0,164,52,20,4
0,164,53,20,4
0,164,54,20,4
0,164,55,20,4
0,164,56,20,4
0,165,41,20,4
0,165,42,20,4
0,165,43,20,4
0,165,44,20,4
0,165,45,20,4
0,165,46,20,4
0,165,47,20,4
0,165,48,20,4
0,165,49,20,4
0,165,50,20,4
0,165,51,20,4
0,165,52,20,4
0,165,53,20,4
0,165,54,20,4
0,165,55,20,4
0,165,56,20,4
0,166,41,20,4
0,166,42,20,4
0,166,43,20,4
0,166,44,20,4
0,166,45,20,4
0,166,46,20,4
0,166,47,20,4
0,166,48,20,4
0,166,49,20,4
0,166,50,20,4
0,166,51,20,4
0,166,52,20,4
0,166,53,20,4
0,166,54,20,4
0,166,55,20,4
0,166,56,20,4
0,167,41,20,4
0,167,42,20,4
0,167,43,20,4
0,167,44,20,4
0,167,45,20,4
0,167,46,20,4
0,167,47,20,4
0,167,48,20,4
0,167,49,20,4
0,167,50,20,4
0,167,51,20,4
0,167,52,20,4
0,167,53,20,4
0,167,54,20,4
0,167,55,20,4
0,167,56,20,4
0,168,41,20,4
0,168,42,20,4
0,168,43,20,4
0,168,44,20,4
0,168,45,20,4
0,168,46,20,4
0,168,47,20,4
0,168,48,20,4
0,168,49,20,4
0,168,50,20,4
0,168,51,20,4
0,168,52,20,4
0,168,53,20,4
0,168,54,20,4
0,168,55,20,4
0,168,56,20,4
0,169,41,20,4
0,169,42,20,4
0,169,43,20,4
0,169,44,20,4
0,169,45,20,4
0,169,46,20,4
0,169,47,20,4
0,169,48,20,4
0,169,49,20,4
0,169,50,20,4
0,169,51,20,4
0,169,52,20,4
0,169,53,20,4
0,169,54,20,4
0,169,55,20,4
0,169,56,20,4
0,170,41,20,4
0,170,42,20,4
0,170,43,20,4
0,170,44,20,4
0,170,45,20,4
0,170,46,20,4
0,170,47,20,4
0,170,48,20,4
0,170,49,20,4
0,170,50,20,4
0,170,51,20,4
0,170,52,20,4
0,170,53,20,4
0,170,54,20,4
0,170,55,20,4
0,170,56,20,4
0,171,41,20,4
0,171,42,20,4
0,171,43,20,4
0,171,44,20,4
0,171,45,20,4
0,171,46,20,4
0,171,47,20,4
0,171,48,20,4
0,171,49,20,4
0,171,50,20,4
0,171,51,20,4
0,171,52,20,4
0,171,53,20,4
0,171,54,20,4
0,171,55,20,4
0,171,56,20,4
0,172,41,20,4
0,172,42,20,4
0,172,43,20,4
0,172,44,20,4
0,172,45,20,4
0,172,46,20,4
0,172,47,20,4
0,172,48,20,4
0,172,49,20,4
0,172,50,20,4
0,172,51,20,4
0,172,52,20,4
0,172,53,20,4
0,172,54,20,4
0,172,55,20,4
0,172,56,20,4
0,173,41,20,4
0,173,42,20,4
0,173,43,20,4
0,173,44,20,4
0,173,45,20,4
0,173,46,20,4
0,173,47,20,4
0,173,48,20,4
0,173,49,20,4
0,173,50,20,4
0,173,51,20,4
0,173,52,20,4
0,173,53,20,4
0,173,54,20,4
0,173,55,20,4
0,173,56,20,4
0,174,41,20,4
0,174,42,20,4
0,174,43,20,4
0,174,44,20,4
0,174,45,20,4
0,174,46,20,4
0,174,47,20,4
0,174,48,20,4
0,174,49,20,4
0,174,50,20,4
0,174,51,20,4
0,174,52,20,4
0,174,53,20,4
0,174,54,20,4
0,174,55,20,4
0,174,56,20,4
0,175,41,20,4
0,175,42,20,4
0,175,43,20,4
0,175,44,20,4
0,175,45,20,4
0,175,46,20,4
0,175,47,20,4
0,175,48,20,4
0,175,49,20,4
0,175,50,20,4
0,175,51,20,4
0,175,52,20,4
0,175,53,20,4
0,175,54,20,4
0,175,55,20,4
0,175,56,20,4
0,176,41,20,4
0,176,42,20,4
0,176,43,20,4
0,176,44,20,4
0,176,45,20,4
0,176,46,20,4
0,176,47,20,4
0,176,48,20,4
0,176,49,20,4
0,176,50,20,4
0,176,51,20,4
0,176,52,20,4
0,176,53,20,4
0,176,54,20,4
0,176,55,20,4
0,176,56,20,4
0,177,41,20,4
0,177,42,20,4
0,177,43,20,4
0,177,44,20,4
0,177,45,20,4
0,177,46,20,4
0,177,47,20,4
0,177,48,20,4
0,177,49,20,4
0,177,50,20,4
0,177,51,20,4
0,177,52,20,4
0,177,53,20,4
0,177,54,20,4
0,177,55,20,4
0,177,56,20,4
0,178,41,20,4
0,178,42,20,4
0,178,43,20,4
0,178,44,20,4
0,178,45,20,4
0,178,46,20,4
0,178,47,20,4
0,178,48,20,4
0,178,49,20,4
0,178,50,20,4
0,178,51,20,4
0,178,52,20,4
0,178,53,20,4
0,178,54,20,4
0,178,55,20,4
0,178,56,20,4
0,179,41,20,4
0,179,42,20,4
0,179,43,20,4
0,179,44,20,4
0,179,45,20,4
0,179,46,20,4
0,179,47,20,4
0,179,48,20,4
0,179,49,20,4
0,179,50,20,4
0,179,51,20,4
0,179,52,20,4
0,179,53,20,4
0,179,54,20,4
0,179,55,20,4
0,179,56,20,4
0,180,41,20,4
0,180,42,20,4
0,180,43,20,4
0,180,44,20,4
0,180,45,20,4
0,180,46,20,4
0,180,47,20,4
0,180,48,20,4
0,180,49,20,4
0,180,50,20,4
0,180,51,20,4
0,180,52,20,4
0,180,53,20,4
0,180,54,20,4
0,180,55,20,4
0,180,56,20,4
0,181,41,20,4
0,181,42,20,4
0,181,43,20,4
0,181,44,20,4
0,181,45,20,4
0,181,46,20,4
0,181,47,20,4
0,181,48,20,4
0,181,49,20,4
0,181,50,20,4
0,181,51,20,4
0,181,52,20,4
0,181,53,20,4
0,181,54,20,4
0,181,55,20,4
0,181,56,20,4
0,182,41,20,4
0,182,42,20,4
0,182,43,20,4
0,182,44,20,4
0,182,45,20,4
0,182,46,20,4
0,182,47,20,4
0,182,48,20,4
0,182,49,20,4
0,182,50,20,4
0,182,51,20,4
0,182,52,20,4
0,182,53,20,4
0,182,54,20,4
0,182,55,20,4
0,182,56,20,4
0,183,41,20,4
0,183,42,20,4
0,183,43,20,4
0,183,44,20,4
0,183,45,20,4
0,183,46,20,4
0,183,47,20,4
0,183,48,20,4
0,183,49,20,4
0,183,50,20,4
0,183,51,20,4
0,183,52,20,4
0,183,53,20,4
0,183,54,20,4
0,183,55,20,4
0,183,56,20,4
0,184,41,20,4
0,184,42,20,4
0,184,43,20,4
0,184,44,20,4
0,184,45,20,4
0,184,46,20,4
0,184,47,20,4
0,184,48,20,4
0,184,49,20,4
0,184,50,20,4
0,184,51,20,4
0,184,52,20,4
0,184,53,20,4
0,184,54,20,4
0,184,55,20,4
0,184,56,20,4
0,185,41,20,4
0,185,42,20,4
0,185,43,20,4
0,185,44,20,4
0,185,45,20,4
0,185,46,20,4
0,185,47,20,4
0,185,48,20,4
0,185,49,20,4
0,185,50,20,4
0,185,51,20,4
0,185,52,20,4
0,185,53,20,4
0,185,54,20,4
0,185,55,20,4
0,185,56,20,4
0,186,41,20,4
0,186,42,20,4
0,186,43,20,4
0,186,44,20,4
0,186,45,20,4
0,186,46,20,4
0,186,47,20,4
0,186,48,20,4
0,186,49,20,4
0,186,50,20,4
0,186,51,20,4
0,186,52,20,4
0,186,53,20,4
0,186,54,20,4
0,186,55,20,4
0,186,56,20,4
0,187,41,20,4
0,187,42,20,4
0,187,43,20,4
0,187,44,20,4
0,187,45,20,4
0,187,46,20,4
0,187,47,20,4
0,187,48,20,4
0,187,49,20,4
0,187,50,20,4
0,187,51,20,4
0,187,52,20,4
0,187,53,20,4
0,187,54,20,4
0,187,55,20,4
0,187,56,20,4
0,188,41,20,4
0,188,42,20,4
0,188,43,20,4
0,188,44,20,4
0,188,45,20,4
0,188,46,20,4
0,188,47,20,4
0,188,48,20,4
0,188,49,20,4
0,188,50,20,4
0,188,51,20,4
0,188,52,20,4
0,188,53,20,4
0,188,54,20,4
0,188,55,20,4
0,188,56,20,4
0,189,41,20,4
0,189,42,20,4
0,189,43,20,4
0,189,44,20,4
0,189,45,20,4
0,189,46,20,4
0,189,47,20,4
0,189,48,20,4
0,189,49,20,4
0,189,50,20,4
0,189,51,20,4
0,189,52,20,4
0,189,53,20,4
0,189,54,20,4
0,189,55,20,4
0,189,56,20,4
0,190,41,20,4
0,190,42,20,4
0,190,43,20,4
0,190,44,20,4
0,190,45,20,4
0,190,46,20,4
0,190,47,20,4
0,190,48,20,4
0,190,49,20,4
0,190,50,20,4
0,190,51,20,4
0,190,52,20,4
0,190,53,20,4
0,190,54,20,4
0,190,55,20,4
0,190,56,20,4
0,191,41,20,4
0,191,42,20,4
0,191,43,20,4
0,191,44,20,4
0,191,45,20,4
0,191,46,20,4
0,191,47,20,4
0,191,48,20,4
0,191,49,20,4
0,191,50,20,4
0,191,51,20,4
0,191,52,20,4
0,191,53,20,4
0,191,54,20,4
0,191,55,20,4
0,191,56,20,4
0,192,41,20,4
0,192,42,20,4
0,192,43,20,4
0,192,44,20,4
0,192,45,20,4
0,192,46,20,4
0,192,47,20,4
0,192,48,20,4
0,192,49,20,4
0,192,50,20,4
0,192,51,20,4
0,192,52,20,4
0,192,53,20,4
0,192,54,20,4
0,192,55,20,4
0,192,56,20,4
0,193,41,20,4
0,193,42,20,4
0,193,43,20,4
0,193,44,20,4
0,193,45,20,4
0,193,46,20,4
0,193,47,20,4
0,193,48,20,4
0,193,49,20,4
0,193,50,20,4
0,193,51,20,4
0,193,52,20,4
0,193,53,20,4
0,193,54,20,4
0,193,55,20,4
0,193,56,20,4
0,194,41,20,4
0,194,42,20,4
0,194,43,20,4
0,194,44,20,4
0,194,45,20,4
0,194,46,20,4
0,194,47,20,4
0,194,48,20,4
0,194,49,20,4
0,194,50,20,4
0,194,51,20,4
0,194,52,20,4
0,194,53,20,4
0,194,54,20,4
0,194,55,20,4
0,194,56,20,4
0,195,41,20,4
0,195,42,20,4
0,195,43,20,4
0,195,44,20,4
0,195,45,20,4
0,195,46,20,4
0,195,47,20,4
0,195,48,20,4
0,195,49,20,4
0,195,50,20,4
0,195,51,20,4
0,195,52,20,4
0,195,53,20,4
0,195,54,20,4
0,195,55,20,4
0,195,56,20,4
0,196,41,20,4
0,196,42,20,4
0,196,43,20,4
0,196,44,20,4
0,196,45,20,4
0,196,46,20,4
0,196,47,20,4
0,196,48,20,4
0,196,49,20,4
0,196,50,20,4
0,196,51,20,4
0,196,52,20,4
0,196,53,20,4
0,196,54,20,4
0,196,55,20,4
0,196,56,20,4
0,197,41,20,4
0,197,42,20,4
0,197,43,20,4
0,197,44,20,4
0,197,45,20,4
0,197,46,20,4
0,197,47,20,4
0,197,48,20,4
0,197,49,20,4
0,197,50,20,4
0,197,51,20,4
0,197,52,20,4
0,197,53,20,4
0,197,54,20,4
0,197,55,20,4
0,197,56,20,4
0,198,41,20,4
0,198,42,20,4
0,198,43,20,4
0,198,44,20,4
0,198,45,20,4
0,198,46,20,4
0,198,47,20,4
0,198,48,20,4
0,198,49,20,4
0,198,50,20,4
0,198,51,20,4
0,198,52,20,4
0,198,53,20,4
0,198,54,20,4
0,198,55,20,4
0,198,56,20,4
0,199,41,20,4
0,199,42,20,4
0,199,43,20,4
0,199,44,20,4
0,199,45,20,4
0,199,46,20,4
0,199,47,20,4
0,199,48,20,4
0,199,49,20,4
0,199,50,20,4
0,199,51,20,4
0,199,52,20,4
0,199,53,20,4
0,199,54,20,4
0,199,55,20,4
0,199,56,20,4
0,200,41,20,4
0,200,42,20,4
0,200,43,20,4
0,200,44,20,4
0,200,45,20,4
0,200,46,20,4
0,200,47,20,4
0,200,48,20,4
0,200,49,20,4
0,200,50,20,4
0,200,51,20,4
0,200,52,20,4
0,200,53,20,4
0,200,54,20,4
0,200,55,20,4
0,200,56,20,4
0,201,41,20,4
0,201,42,20,4
0,201,43,20,4
0,201,44,20,4
0,201,45,20,4
0,201,46,20,4
0,201,47,20,4
0,201,48,20,4
0,201,49,20,4
0,201,50,20,4
0,201,51,20,4
0,201,52,20,4
0,201,53,20,4
0,201,54,20,4
0,201,55,20,4
0,201,56,20,4
0,202,41,20,4
0,202,42,20,4
0,202,43,20,4
0,202,44,20,4
0,202,45,20,4
0,202,46,20,4
0,202,47,20,4
0,202,48,20,4
0,202,49,20,4
0,202,50,20,4
0,202,51,20,4
0,202,52,20,4
0,202,53,20,4
0,202,54,20,4
0,202,55,20,4
0,202,56,20,4
0,203,41,20,4
0,203,42,20,4
0,203,43,20,4
0,203,44,20,4
0,203,45,20,4
0,203,46,20,4
0,203,47,20,4
0,203,48,20,4
0,203,49,20,4
0,203,50,20,4
0,203,51,20,4
0,203,52,20,4
0,203,53,20,4
0,203,54,20,4
0,203,55,20,4
0,203,56,20,4
0,204,41,20,4
0,204,42,20,4
0,204,43,20,4
0,204,44,20,4
0,204,45,20,4
0,204,46,20,4
0,204,47,20,4
0,204,48,20,4
0,204,49,20,4
0,204,50,20,4
0,204,51,20,4
0,204,52,20,4
0,204,53,20,4
0,204,54,20,4
0,204,55,20,4
0,204,56,20,4
0,205,41,20,4
0,205,42,20,4
0,205,43,20,4
0,205,44,20,4
0,205,45,20,4
0,205,46,20,4
0,205,47,20,4
0,205,48,20,4
0,205,49,20,4
0,205,50,20,4
0,205,51,20,4
0,205,52,20,4
0,205,53,20,4
0,205,54,20,4
0,205,55,20,4
0,205,56,20,4
0,206,41,20,4
0,206,42,20,4
0,206,43,20,4
0,206,44,20,4
0,206,45,20,4
0,206,46,20,4
0,206,47,20,4
0,206,48,20,4
0,206,49,20,4
0,206,50,20,4
0,206,51,20,4
0,206,52,20,4
0,206,53,20,4
0,206,54,20,4
0,206,55,20,4
0,206,56,20,4
0,207,41,20,4
0,207,42,20,4
0,207,43,20,4
0,207,44,20,4
0,207,45,20,4
0,207,46,20,4
0,207,47,20,4
0,207,48,20,4
0,207,49,20,4
0,207,50,20,4
0,207,51,20,4
0,207,52,20,4
0,207,53,20,4
0,207,54,20,4
0,207,55,20,4
0,207,56,20,4
0,208,41,20,4
0,208,42,20,4
0,208,43,20,4
0,208,44,20,4
0,208,45,20,4
0,208,46,20,4
0,208,47,20,4
0,208,48,20,4
0,208,49,20,4
0,208,50,20,4
0,208,51,20,4
0,208,52,20,4
0,208,53,20,4
0,208,54,20,4
0,208,55,20,4
0,208,56,20,4
0,209,41,20,4
0,209,42,20,4
0,209,43,20,4
0,209,44,20,4
0,209,45,20,4
0,209,46,20,4
0,209,47,20,4
0,209,48,20,4
0,209,49,20,4
0,209,50,20,4
0,209,51,20,4
0,209,52,20,4
0,209,53,20,4
0,209,54,20,4
0,209,55,20,4
0,209,56,20,4
0,210,41,20,4
0,210,42,20,4
0,210,43,20,4
0,210,44,20,4
0,210,45,20,4
0,210,46,20,4
0,210,47,20,4
0,210,48,20,4
0,210,49,20,4
0,210,50,20,4
0,210,51,20,4
0,210,52,20,4
0,210,53,20,4
0,210,54,20,4
0,210,55,20,4
0,210,56,20,4
0,211,41,20,4
0,211,42,20,4
0,211,43,20,4
0,211,44,20,4
0,211,45,20,4
0,211,46,20,4
0,211,47,20,4
0,211,48,20,4
0,211,49,20,4
0,211,50,20,4
0,211,51,20,4
0,211,52,20,4
0,211,53,20,4
0,211,54,20,4
0,211,55,20,4
0,211,56,20,4
0,212,41,20,4
0,212,42,20,4
0,212,43,20,4
0,212,44,20,4
0,212,45,20,4
0,212,46,20,4
0,212,47,20,4
0,212,48,20,4
0,212,49,20,4
0,212,50,20,4
0,212,51,20,4
0,212,52,20,4
0,212,53,20,4
0,212,54,20,4
0,212,55,20,4
0,212,56,20,4
0,213,41,20,4
0,213,42,20,4
0,213,43,20,4
0,213,44,20,4
0,213,45,20,4
0,213,46,20,4
0,213,47,20,4
0,213,48,20,4
0,213,49,20,4
0,213,50,20,4
0,213,51,20,4
0,213,52,20,4
0,213,53,20,4
0,213,54,20,4
0,213,55,20,4
0,213,56,20,4
0,214,41,20,4
0,214,42,20,4
0,214,43,20,4
0,214,44,20,4
0,214,45,20,4
0,214,46,20,4
0,214,47,20,4
0,214,48,20,4
0,214,49,20,4
0,214,50,20,4
0,214,51,20,4
0,214,52,20,4
0,214,53,20,4
0,214,54,20,4
0,214,55,20,4
0,214,56,20,4
0,215,41,20,4
0,215,42,20,4
0,215,43,20,4
0,215,44,20,4
0,215,45,20,4
0,215,46,20,4
0,215,47,20,4
0,215,48,20,4
0,215,49,20,4
0,215,50,20,4
0,215,51,20,4
0,215,52,20,4
0,215,53,20,4
0,215,54,20,4
0,215,55,20,4
0,215,56,20,4
0,216,41,20,4
0,216,42,20,4
0,216,43,20,4
0,216,44,20,4
0,216,45,20,4
0,216,46,20,4
0,216,47,20,4
0,216,48,20,4
0,216,49,20,4
0,216,50,20,4
0,216,51,20,4
0,216,52,20,4
0,216,53,20,4
0,216,54,20,4
0,216,55,20,4
0,216,56,20,4
0,217,41,20,4
0,217,42,20,4
0,217,43,20,4
0,217,44,20,4
0,217,45,20,4
0,217,46,20,4
0,217,47,20,4
0,217,48,20,4
0,217,49,20,4
0,217,50,20,4
0,217,51,20,4
0,217,52,20,4
0,217,53,20,4
0,217,54,20,4
0,217,55,20,4
0,217,56,20,4
0,218,41,20,4
0,218,42,20,4
0,218,43,20,4
0,218,44,20,4
0,218,45,20,4
0,218,46,20,4
0,218,47,20,4
0,218,48,20,4
0,218,49,20,4
0,218,50,20,4
0,218,51,20,4
0,218,52,20,4
0,218,53,20,4
0,218,54,20,4
0,218,55,20,4
0,218,56,20,4
0,219,41,20,4
0,219,42,20,4
0,219,43,20,4
0,219,44,20,4
0,219,45,20,4
0,219,46,20,4
0,219,47,20,4
0,219,48,20,4
0,219,49,20,4
0,219,50,20,4
0,219,51,20,4
0,219,52,20,4
0,219,53,20,4
0,219,54,20,4
0,219,55,20,4
0,219,56,20,4
0,220,41,20,4
0,220,42,20,4
0,220,43,20,4
0,220,44,20,4
0,220,45,20,4
0,220,46,20,4
0,220,47,20,4
0,220,48,20,4
0,220,49,20,4
0,220,50,20,4
0,220,51,20,4
0,220,52,20,4
0,220,53,20,4
0,220,54,20,4
0,220,55,20,4
0,220,56,20,4
0,221,41,20,4
0,221,42,20,4
0,221,43,20,4
0,221,44,20,4
0,221,45,20,4
0,221,46,20,4
0,221,47,20,4
0,221,48,20,4
0,221,49,20,4
0,221,50,20,4
0,221,51,20,4
0,221,52,20,4
0,221,53,20,4
0,221,54,20,4
0,221,55,20,4
0,221,56,20,4
0,222,41,20,4
0,222,42,20,4
0,222,43,20,4
0,222,44,20,4
0,222,45,20,4
0,222,46,20,4
0,222,47,20,4
0,222,48,20,4
0,222,49,20,4
0,222,50,20,4
0,222,51,20,4
0,222,52,20,4
0,222,53,20,4
0,222,54,20,4
0,222,55,20,4
0,222,56,20,4
0,223,41,20,4
0,223,42,20,4
0,223,43,20,4
0,223,44,20,4
0,223,45,20,4
0,223,46,20,4
0,223,47,20,4
0,223,48,20,4
0,223,49,20,4
0,223,50,20,4
0,223,51,20,4
0,223,52,20,4
0,223,53,20,4
0,223,54,20,4
0,223,55,20,4
0,223,56,20,4
0,224,41,20,4
0,224,42,20,4
0,224,43,20,4
0,224,44,20,4
0,224,45,20,4
0,224,46,20,4
0,224,47,20,4
0,224,48,20,4
0,224,49,20,4
0,224,50,20,4
0,224,51,20,4
0,224,52,20,4
0,224,53,20,4
0,224,54,20,4
0,224,55,20,4
0,224,56,20,4
0,225,41,20,4
0,225,42,20,4
0,225,43,20,4
0,225,44,20,4
0,225,45,20,4
0,225,46,20,4
0,225,47,20,4
0,225,48,20,4
0,225,49,20,4
0,225,50,20,4
0,225,51,20,4
0,225,52,20,4
0,225,53,20,4
0,225,54,20,4
0,225,55,20,4
0,225,56,20,4
0,226,41,20,4
0,226,42,20,4
0,226,43,20,4
0,226,44,20,4
0,226,45,20,4
0,226,46,20,4
0,226,47,20,4
0,226,48,20,4
0,226,49,20,4
0,226,50,20,4
0,226,51,20,4
0,226,52,20,4
0,226,53,20,4
0,226,54,20,4
0,226,55,20,4
0,226,56,20,4
0,227,41,20,4
0,227,42,20,4
0,227,43,20,4
0,227,44,20,4
0,227,45,20,4
0,227,46,20,4
0,227,47,20,4
0,227,48,20,4
0,227,49,20,4
0,227,50,20,4
0,227,51,20,4
0,227,52,20,4
0,227,53,20,4
0,227,54,20,4
0,227,55,20,4
0,227,56,20,4
0,228,41,20,4
0,228,42,20,4
0,228,43,20,4
0,228,44,20,4
0,228,45,20,4
0,228,46,20,4
0,228,47,20,4
0,228,48,20,4
0,228,49,20,4
0,228,50,20,4
0,228,51,20,4
0,228,52,20,4
0,228,53,20,4
0,228,54,20,4
0,228,55,20,4
0,228,56,20,4
0,229,41,20,4
0,229,42,20,4
0,229,43,20,4
0,229,44,20,4
0,229,45,20,4
0,229,46,20,4
0,229,47,20,4
0,229,48,20,4
0,229,49,20,4
0,229,50,20,4
0,229,51,20,4
0,229,52,20,4
0,229,53,20,4
0,229,54,20,4
0,229,55,20,4
0,229,56,20,4
0,230,41,20,4
0,230,42,20,4
0,230,43,20,4
0,230,44,20,4
0,230,45,20,4
0,230,46,20,4
0,230,47,20,4
0,230,48,20,4
0,230,49,20,4
0,230,50,20,4
0,230,51,20,4
0,230,52,20,4
0,230,53,20,4
0,230,54,20,4
0,230,55,20,4
0,230,56,20,4
0,231,41,20,4
0,231,42,20,4
0,231,43,20,4
0,231,44,20,4
0,231,45,20,4
0,231,46,20,4
0,231,47,20,4
0,231,48,20,4
0,231,49,20,4
0,231,50,20,4
0,231,51,20,4
0,231,52,20,4
0,231,53,20,4
0,231,54,20,4
0,231,55,20,4
0,231,56,20,4
0,232,41,20,4
0,232,42,20,4
0,232,43,20,4
0,232,44,20,4
0,232,45,20,4
0,232,46,20,4
0,232,47,20,4
0,232,48,20,4
0,232,49,20,4
0,232,50,20,4
0,232,51,20,4
0,232,52,20,4
0,232,53,20,4
0,232,54,20,4
0,232,55,20,4
0,232,56,20,4
0,233,41,20,4
0,233,42,20,4
0,233,43,20,4
0,233,44,20,4
0,233,45,20,4
0,233,46,20,4
0,233,47,20,4
0,233,48,20,4
0,233,49,20,4
0,233,50,20,4
0,233,51,20,4
0,233,52,20,4
0,233,53,20,4
0,233,54,20,4
0,233,55,20,4
0,233,56,20,4
0,234,41,20,4
0,234,42,20,4
0,234,43,20,4
0,234,44,20,4
0,234,45,20,4
0,234,46,20,4
0,234,47,20,4
0,234,48,20,4
0,234,49,20,4
0,234,50,20,4
0,234,51,20,4
0,234,52,20,4
0,234,53,20,4
0,234,54,20,4
0,234,55,20,4
0,234,56,20,4
0,235,41,20,4
0,235,42,20,4
0,235,43,20,4
0,235,44,20,4
0,235,45,20,4
0,235,46,20,4
0,235,47,20,4
0,235,48,20,4
0,235,49,20,4
0,235,50,20,4
0,235,51,20,4
0,235,52,20,4
0,235,53,20,4
0,235,54,20,4
0,235,55,20,4
0,235,56,20,4
0,236,41,20,4
0,236,42,20,4
0,236,43,20,4
0,236,44,20,4
0,236,45,20,4
0,236,46,20,4
0,236,47,20,4
0,236,48,20,4
0,236,49,20,4
0,236,50,20,4
0,236,51,20,4
0,236,52,20,4
0,236,53,20,4
0,236,54,20,4
0,236,55,20,4
0,236,56,20,4
0,237,41,20,4
0,237,42,20,4
0,237,43,20,4
0,237,44,20,4
0,237,45,20,4
0,237,46,20,4
0,237,47,20,4
0,237,48,20,4
0,237,49,20,4
0,237,50,20,4
0,237,51,20,4
0,237,52,20,4
0,237,53,20,4
0,237,54,20,4
0,237,55,20,4
0,237,56,20,4
0,238,41,20,4
0,238,42,20,4
0,238,43,20,4
0,238,44,20,4
0,238,45,20,4
0,238,46,20,4
0,238,47,20,4
0,238,48,20,4
0,238,49,20,4
0,238,50,20,4
0,238,51,20,4
0,238,52,20,4
0,238,53,20,4
0,238,54,20,4
0,238,55,20,4
0,238,56,20,4
0,239,41,20,4
0,239,42,20,4
0,239,43,20,4
0,239,44,20,4
0,239,45,20,4
0,239,46,20,4
0,239,47,20,4
0,239,48,20,4
0,239,49,20,4
0,239,50,20,4
0,239,51,20,4
0,239,52,20,4
0,239,53,20,4
0,239,54,20,4
0,239,55,20,4
0,239,56,20,4
0,240,41,20,4
0,240,42,20,4
0,240,43,20,4
0,240,44,20,4
0,240,45,20,4
0,240,46,20,4
0,240,47,20,4
0,240,48,20,4
0,240,49,20,4
0,240,50,20,4
0,240,51,20,4
0,240,52,20,4
0,240,53,20,4
0,240,54,20,4
0,240,55,20,4
0,240,56,20,4
0,241,41,20,4
0,241,42,20,4
0,241,43,20,4
0,241,44,20,4
0,241,45,20,4
0,241,46,20,4
0,241,47,20,4
0,241,48,20,4
0,241,49,20,4
0,241,50,20,4
0,241,51,20,4
0,241,52,20,4
0,241,53,20,4
0,241,54,20,4
0,241,55,20,4
0,241,56,20,4
0,242,41,20,4
0,242,42,20,4
0,242,43,20,4
0,242,44,20,4
0,242,45,20,4
0,242,46,20,4
0,242,47,20,4
0,242,48,20,4
0,242,49,20,4
0,242,50,20,4
0,242,51,20,4
0,242,52,20,4
0,242,53,20,4
0,242,54,20,4
0,242,55,20,4
0,242,56,20,4
0,243,41,20,4
0,243,42,20,4
0,243,43,20,4
0,243,44,20,4
0,243,45,20,4
0,243,46,20,4
0,243,47,20,4
0,243,48,20,4
0,243,49,20,4
0,243,50,20,4
0,243,51,20,4
0,243,52,20,4
0,243,53,20,4
0,243,54,20,4
0,243,55,20,4
0,243,56,20,4
0,244,41,20,4
0,244,42,20,4
0,244,43,20,4
0,244,44,20,4
0,244,45,20,4
0,244,46,20,4
0,244,47,20,4
0,244,48,20,4
0,244,49,20,4
0,244,50,20,4
0,244,51,20,4
0,244,52,20,4
0,244,53,20,4
0,244,54,20,4
0,244,55,20,4
0,244,56,20,4
0,245,41,20,4
0,245,42,20,4
0,245,43,20,4
0,245,44,20,4
0,245,45,20,4
0,245,46,20,4
0,245,47,20,4
0,245,48,20,4
0,245,49,20,4
0,245,50,20,4
0,245,51,20,4
0,245,52,20,4
0,245,53,20,4
0,245,54,20,4
0,245,55,20,4
0,245,56,20,4
0,246,41,20,4
0,246,42,20,4
0,246,43,20,4
0,246,44,20,4
0,246,45,20,4
0,246,46,20,4
0,246,47,20,4
0,246,48,20,4
0,246,49,20,4
0,246,50,20,4
0,246,51,20,4
0,246,52,20,4
0,246,53,20,4
0,246,54,20,4
0,246,55,20,4
0,246,56,20,4
0,247,41,20,4
0,247,42,20,4
0,247,43,20,4
0,247,44,20,4
0,247,45,20,4
0,247,46,20,4
0,247,47,20,4
0,247,48,20,4
0,247,49,20,4
0,247,50,20,4
0,247,51,20,4
0,247,52,20,4
0,247,53,20,4
0,247,54,20,4
0,247,55,20,4
0,247,56,20,4
0,248,41,20,4
0,248,42,20,4
0,248,43,20,4
0,248,44,20,4
0,248,45,20,4
0,248,46,20,4
0,248,47,20,4
0,248,48,20,4
0,248,49,20,4
0,248,50,20,4
0,248,51,20,4
0,248,52,20,4
0,248,53,20,4
0,248,54,20,4
0,248,55,20,4
0,248,56,20,4
0,249,41,20,4
0,249,42,20,4
0,249,43,20,4
0,249,44,20,4
0,249,45,20,4
0,249,46,20,4
0,249,47,20,4
0,249,48,20,4
0,249,49,20,4
0,249,50,20,4
0,249,51,20,4
0,249,52,20,4
0,249,53,20,4
0,249,54,20,4
0,249,55,20,4
0,249,56,20,4
0,250,41,20,4
0,250,42,20,4
0,250,43,20,4
0,250,44,20,4
0,250,45,20,4
0,250,46,20,4
0,250,47,20,4
0,250,48,20,4
0,250,49,20,4
0,250,50,20,4
0,250,51,20,4
0,250,52,20,4
0,250,53,20,4
0,250,54,20,4
0,250,55,20,4
0,250,56,20,4
0,251,41,20,4
0,251,42,20,4
0,251,43,20,4
0,251,44,20,4
0,251,45,20,4
0,251,46,20,4
0,251,47,20,4
0,251,48,20,4
0,251,49,20,4
0,251,50,20,4
0,251,51,20,4
0,251,52,20,4
0,251,53,20,4
0,251,54,20,4
0,251,55,20,4
0,251,56,20,4
0,252,41,20,4
0,252,42,20,4
0,252,43,20,4
0,252,44,20,4
0,252,45,20,4
0,252,46,20,4
0,252,47,20,4
0,252,48,20,4
0,252,49,20,4
0,252,50,20,4
0,252,51,20,4
0,252,52,20,4
0,252,53,20,4
0,252,54,20,4
0,252,55,20,4
0,252,56,20,4
0,253,41,20,4
0,253,42,20,4
0,253,43,20,4
0,253,44,20,4
0,253,45,20,4
0,253,46,20,4
0,253,47,20,4
0,253,48,20,4
0,253,49,20,4
0,253,50,20,4
0,253,51,20,4
0,253,52,20,4
0,253,53,20,4
0,253,54,20,4
0,253,55,20,4
0,253,56,20,4
0,254,41,20,4
0,254,42,20,4
0,254,43,20,4
0,254,44,20,4
0,254,45,20,4
0,254,46,20,4
0,254,47,20,4
0,254,48,20,4
0,254,49,20,4
0,254,50,20,4
0,254,51,20,4
0,254,52,20,4
0,254,53,20,4
0,254,54,20,4
0,254,55,20,4
0,254,56,20,4
0,255,41,20,4
0,255,42,20,4
0,255,43,20,4
0,255,44,20,4
0,255,45,20,4
0,255,46,20,4
0,255,47,20,4
0,255,48,20,4
0,255,49,20,4
0,255,50,20,4
0,255,51,20,4
0,255,52,20,4
0,255,53,20,4
0,255,54,20,4
0,255,55,20,4
0,255,56,20,4
0,256,41,20,4
0,256,42,20,4
0,256,43,20,4
0,256,44,20,4
0,256,45,20,4
0,256,46,20,4
0,256,47,20,4
0,256,48,20,4
0,256,49,20,4
0,256,50,20,4
0,256,51,20,4
0,256,52,20,4
0,256,53,20,4
0,256,54,20,4
0,256,55,20,4
0,256,56,20,4
0,257,41,20,4
0,257,42,20,4
0,257,43,20,4
0,257,44,20,4
0,257,45,20,4
0,257,46,20,4
0,257,47,20,4
0,257,48,20,4
0,257,49,20,4
0,257,50,20,4
0,257,51,20,4
0,257,52,20,4
0,257,53,20,4
0,257,54,20,4
0,257,55,20,4
0,257,56,20,4
0,258,41,20,4
0,258,42,20,4
0,258,43,20,4
0,258,44,20,4
0,258,45,20,4
0,258,46,20,4
0,258,47,20,4
0,258,48,20,4
0,258,49,20,4
0,258,50,20,4
0,258,51,20,4
0,258,52,20,4
0,258,53,20,4
0,258,54,20,4
0,258,55,20,4
0,258,56,20,4
0,259,41,20,4
0,259,42,20,4
0,259,43,20,4
0,259,44,20,4
0,259,45,20,4
0,259,46,20,4
0,259,47,20,4
0,259,48,20,4
0,259,49,20,4
0,259,50,20,4
0,259,51,20,4
0,259,52,20,4
0,259,53,20,4
0,259,54,20,4
0,259,55,20,4
0,259,56,20,4
0,260,41,20,4
0,260,42,20,4
0,260,43,20,4
0,260,44,20,4
0,260,45,20,4
0,260,46,20,4
0,260,47,20,4
0,260,48,20,4
0,260,49,20,4
0,260,50,20,4
0,260,51,20,4
0,260,52,20,4
0,260,53,20,4
0,260,54,20,4
0,260,55,20,4
0,260,56,20,4
0,261,41,20,4
0,261,42,20,4
0,261,43,20,4
0,261,44,20,4
0,261,45,20,4
0,261,46,20,4
0,261,47,20,4
0,261,48,20,4
0,261,49,20,4
0,261,50,20,4
0,261,51,20,4
0,261,52,20,4
0,261,53,20,4
0,261,54,20,4
0,261,55,20,4
0,261,56,20,4
0,262,41,20,4
0,262,42,20,4
0,262,43,20,4
0,262,44,20,4
0,262,45,20,4
0,262,46,20,4
0,262,47,20,4
0,262,48,20,4
0,262,49,20,4
0,262,50,20,4
0,262,51,20,4
0,262,52,20,4
0,262,53,20,4
0,262,54,20,4
0,262,55,20,4
0,262,56,20,4
0,263,41,20,4
0,263,42,20,4
0,263,43,20,4
0,263,44,20,4
0,263,45,20,4
0,263,46,20,4
0,263,47,20,4
0,263,48,20,4
0,263,49,20,4
0,263,50,20,4
0,263,51,20,4
0,263,52,20,4
0,263,53,20,4
0,263,54,20,4
0,263,55,20,4
0,263,56,20,4
0,264,41,20,4
0,264,42,20,4
0,264,43,20,4
0,264,44,20,4
0,264,45,20,4
0,264,46,20,4
0,264,47,20,4
0,264,48,20,4
0,264,49,20,4
0,264,50,20,4
0,264,51,20,4
0,264,52,20,4
0,264,53,20,4
0,264,54,20,4
0,264,55,20,4
0,264,56,20,4
0,265,41,20,4
0,265,42,20,4
0,265,43,20,4
0,265,44,20,4
0,265,45,20,4
0,265,46,20,4
0,265,47,20,4
0,265,48,20,4
0,265,49,20,4
0,265,50,20,4
0,265,51,20,4
0,265,52,20,4
0,265,53,20,4
0,265,54,20,4
0,265,55,20,4
0,265,56,20,4
0,266,41,20,4
0,266,42,20,4
0,266,43,20,4
0,266,44,20,4
0,266,45,20,4
0,266,46,20,4
0,266,47,20,4
0,266,48,20,4
0,266,49,20,4
0,266,50,20,4
0,266,51,20,4
0,266,52,20,4
0,266,53,20,4
0,266,54,20,4
0,266,55,20,4
0,266,56,20,4
0,267,41,20,4
0,267,42,20,4
0,267,43,20,4
0,267,44,20,4
0,267,45,20,4
0,267,46,20,4
0,267,47,20,4
0,267,48,20,4
0,267,49,20,4
0,267,50,20,4
0,267,51,20,4
0,267,52,20,4
0,267,53,20,4
0,267,54,20,4
0,267,55,20,4
0,267,56,20,4
0,268,41,20,4
0,268,42,20,4
0,268,43,20,4
0,268,44,20,4
0,268,45,20,4
0,268,46,20,4
0,268,47,20,4
0,268,48,20,4
0,268,49,20,4
0,268,50,20,4
0,268,51,20,4
0,268,52,20,4
0,268,53,20,4
0,268,54,20,4
0,268,55,20,4
0,268,56,20,4
0,269,41,20,4
0,269,42,20,4
0,269,43,20,4
0,269,44,20,4
0,269,45,20,4
0,269,46,20,4
0,269,47,20,4
0,269,48,20,4
0,269,49,20,4
0,269,50,20,4
0,269,51,20,4
0,269,52,20,4
0,269,53,20,4
0,269,54,20,4
0,269,55,20,4
0,269,56,20,4
0,270,41,20,4
0,270,42,20,4
0,270,43,20,4
0,270,44,20,4
0,270,45,20,4
0,270,46,20,4
0,270,47,20,4
0,270,48,20,4
0,270,49,20,4
0,270,50,20,4
0,270,51,20,4
0,270,52,20,4
0,270,53,20,4
0,270,54,20,4
0,270,55,20,4
0,270,56,20,4
0,271,41,20,4
0,271,42,20,4
0,271,43,20,4
0,271,44,20,4
0,271,45,20,4
0,271,46,20,4
0,271,47,20,4
0,271,48,20,4
0,271,49,20,4
0,271,50,20,4
0,271,51,20,4
0,271,52,20,4
0,271,53,20,4
0,271,54,20,4
0,271,55,20,4
0,271,56,20,4
0,272,41,20,4
0,272,42,20,4
0,272,43,20,4
0,272,44,20,4
0,272,45,20,4
0,272,46,20,4
0,272,47,20,4
0,272,48,20,4
0,272,49,20,4
0,272,50,20,4
0,272,51,20,4
0,272,52,20,4
0,272,53,20,4
0,272,54,20,4
0,272,55,20,4
0,272,56,20,4
0,273,41,20,4
0,273,42,20,4
0,273,43,20,4
0,273,44,20,4
0,273,45,20,4
0,273,46,20,4
0,273,47,20,4
0,273,48,20,4
0,273,49,20,4
0,273,50,20,4
0,273,51,20,4
0,273,52,20,4
0,273,53,20,4
0,273,54,20,4
0,273,55,20,4
0,273,56,20,4
0,274,41,20,4
0,274,42,20,4
0,274,43,20,4
0,274,44,20,4
0,274,45,20,4
0,274,46,20,4
0,274,47,20,4
0,274,48,20,4
0,274,49,20,4
0,274,50,20,4
0,274,51,20,4
0,274,52,20,4
0,274,53,20,4
0,274,54,20,4
0,274,55,20,4
0,274,56,20,4
0,275,41,20,4
0,275,42,20,4
0,275,43,20,4
0,275,44,20,4
0,275,45,20,4
0,275,46,20,4
0,275,47,20,4
0,275,48,20,4
0,275,49,20,4
0,275,50,20,4
0,275,51,20,4
0,275,52,20,4
0,275,53,20,4
0,275,54,20,4
0,275,55,20,4
0,275,56,20,4
0,276,41,20,4
0,276,42,20,4
0,276,43,20,4
0,276,44,20,4
0,276,45,20,4
0,276,46,20,4
0,276,47,20,4
0,276,48,20,4
0,276,49,20,4
0,276,50,20,4
0,276,51,20,4
0,276,52,20,4
0,276,53,20,4
0,276,54,20,4
0,276,55,20,4
0,276,56,20,4
0,277,41,20,4
0,277,42,20,4
0,277,43,20,4
0,277,44,20,4
0,277,45,20,4
0,277,46,20,4
0,277,47,20,4
0,277,48,20,4
0,277,49,20,4
0,277,50,20,4
0,277,51,20,4
0,277,52,20,4
0,277,53,20,4
0,277,54,20,4
0,277,55,20,4
0,277,56,20,4
0,278,41,20,4
0,278,42,20,4
0,278,43,20,4
0,278,44,20,4
0,278,45,20,4
0,278,46,20,4
0,278,47,20,4
0,278,48,20,4
0,278,49,20,4
0,278,50,20,4
0,278,51,20,4
0,278,52,20,4
0,278,53,20,4
0,278,54,20,4
0,278,55,20,4
0,278,56,20,4
0,279,41,20,4
0,279,42,20,4
0,279,43,20,4
0,279,44,20,4
0,279,45,20,4
0,279,46,20,4
0,279,47,20,4
0,279,48,20,4
0,279,49,20,4
0,279,50,20,4
0,279,51,20,4
0,279,52,20,4
0,279,53,20,4
0,279,54,20,4
0,279,55,20,4
0,279,56,20,4
0,280,41,20,4
0,280,42,20,4
0,280,43,20,4
0,280,44,20,4
0,280,45,20,4
0,280,46,20,4
0,280,47,20,4
0,280,48,20,4
0,280,49,20,4
0,280,50,20,4
0,280,51,20,4
0,280,52,20,4
0,280,53,20,4
0,280,54,20,4
0,280,55,20,4
0,280,56,20,4
0,114,34,0,4
0,118,41,20,4
0,118,42,20,4
0,118,43,20,4
0,118,44,20,4
0,118,45,20,4
0,118,46,20,4
0,118,47,20,4
0,118,48,20,4
0,118,49,20,4
0,118,50,20,4
0,118,51,20,4
0,118,52,20,4
0,118,53,20,4
0,118,54,20,4
0,118,55,20,4
0,118,56,20,4
0,119,41,20,4
0,119,42,20,4
0,119,43,20,4
0,119,44,20,4
0,119,45,20,4
0,119,46,20,4
0,119,47,20,4
0,119,48,20,4
0,119,49,20,4
0,119,50,20,4
0,119,51,20,4
0,119,52,20,4
0,119,53,20,4
0,119,54,20,4
0,119,55,20,4
0,119,56,20,4
0,120,41,20,4
0,120,42,20,4
0,120,43,20,4
0,120,44,20,4
0,120,45,20,4
0,120,46,20,4
0,120,47,20,4
0,120,48,20,4
0,120,49,20,4
0,120,50,20,4
0,120,51,20,4
0,120,52,20,4
0,120,53,20,4
0,120,54,20,4
0,120,55,20,4
0,120,56,20,4
0,121,41,20,4
0,121,42,20,4
0,121,43,20,4
0,121,44,20,4
0,121,45,20,4
0,121,46,20,4
0,121,47,20,4
0,121,48,20,4
0,121,49,20,4
0,121,50,20,4
0,121,51,20,4
0,121,52,20,4
0,121,53,20,4
0,121,54,20,4
0,121,55,20,4
0,121,56,20,4
0,122,41,20,4
0,122,42,20,4
0,122,43,20,4
0,122,44,20,4
0,122,45,20,4
0,122,46,20,4
0,122,47,20,4
0,122,48,20,4
0,122,49,20,4
0,122,50,20,4
0,122,51,20,4
0,122,52,20,4
0,122,53,20,4
0,122,54,20,4
0,122,55,20,4
0,122,56,20,4
0,123,41,20,4
0,123,42,20,4
0,123,43,20,4
0,123,44,20,4
0,123,45,20,4
0,123,46,20,4
0,123,47,20,4
0,123,48,20,4
0,123,49,20,4
0,123,50,20,4
0,123,51,20,4
0,123,52,20,4
0,123,53,20,4
0,123,54,20,4
0,123,55,20,4
0,123,56,20,4
0,124,41,20,4
0,124,42,20,4
0,124,43,20,4
0,124,44,20,4
0,124,45,20,4
0,124,46,20,4
0,124,47,20,4
0,124,48,20,4
0,124,49,20,4
0,124,50,20,4
0,124,51,20,4
0,124,52,20,4
0,124,53,20,4
0,124,54,20,4
0,124,55,20,4
0,124,56,20,4
0,125,41,20,4
0,125,42,20,4
0,125,43,20,4
0,125,44,20,4
0,125,45,20,4
0,125,46,20,4
0,125,47,20,4
0,125,48,20,4
0,125,49,20,4
0,125,50,20,4
0,125,51,20,4
0,125,52,20,4
0,125,53,20,4
0,125,54,20,4
0,125,55,20,4
0,125,56,20,4
0,126,41,20,4
0,126,42,20,4
0,126,43,20,4
0,126,44,20,4
0,126,45,20,4
0,126,46,20,4
0,126,47,20,4
0,126,48,20,4
0,126,49,20,4
0,126,50,20,4
0,126,51,20,4
0,126,52,20,4
0,126,53,20,4
0,126,54,20,4
0,126,55,20,4
0,126,56,20,4
0,127,41,20,4
0,127,42,20,4
0,127,43,20,4
0,127,44,20,4
0,127,45,20,4
0,127,46,20,4
0,127,47,20,4
0,127,48,20,4
0,127,49,20,4
0,127,50,20,4
0,127,51,20,4
0,127,52,20,4
0,127,53,20,4
0,127,54,20,4
0,127,55,20,4
0,127,56,20,4
0,281,41,20,4
0,281,42,20,4
0,281,43,20,4
0,281,44,20,4
0,281,45,20,4
0,281,46,20,4
0,281,47,20,4
0,281,48,20,4
0,281,49,20,4
0,281,50,20,4
0,281,51,20,4
0,281,52,20,4
0,281,53,20,4
0,281,54,20,4
0,281,55,20,4
0,281,56,20,4
0,282,41,20,4
0,282,42,20,4
0,282,43,20,4
0,282,44,20,4
0,282,45,20,4
0,282,46,20,4
0,282,47,20,4
0,282,48,20,4
0,282,49,20,4
0,282,50,20,4
0,282,51,20,4
0,282,52,20,4
0,282,53,20,4
0,282,54,20,4
0,282,55,20,4
0,282,56,20,4
0,283,41,20,4
0,283,42,20,4
0,283,43,20,4
0,283,44,20,4
0,283,45,20,4
0,283,46,20,4
0,283,47,20,4
0,283,48,20,4
0,283,49,20,4
0,283,50,20,4
0,283,51,20,4
0,283,52,20,4
0,283,53,20,4
0,283,54,20,4
0,283,55,20,4
0,283,56,20,4
0,284,41,20,4
0,284,42,20,4
0,284,43,20,4
0,284,44,20,4
0,284,45,20,4
0,284,46,20,4
0,284,47,20,4
0,284,48,20,4
0,284,49,20,4
0,284,50,20,4
0,284,51,20,4
0,284,52,20,4
0,284,53,20,4
0,284,54,20,4
0,284,55,20,4
0,284,56,20,4
0,285,41,20,4
0,285,42,20,4
0,285,43,20,4
0,285,44,20,4
0,285,45,20,4
0,285,46,20,4
0,285,47,20,4
0,285,48,20,4
0,285,49,20,4
0,285,50,20,4
0,285,51,20,4
0,285,52,20,4
0,285,53,20,4
0,285,54,20,4
0,285,55,20,4
0,285,56,20,4
0,286,41,20,4
0,286,42,20,4
0,286,43,20,4
0,286,44,20,4
0,286,45,20,4
0,286,46,20,4
0,286,47,20,4
0,286,48,20,4
0,286,49,20,4
0,286,50,20,4
0,286,51,20,4
0,286,52,20,4
0,286,53,20,4
0,286,54,20,4
0,286,55,20,4
0,286,56,20,4
0,287,41,20,4
0,287,42,20,4
0,287,43,20,4
0,287,44,20,4
0,287,45,20,4
0,287,46,20,4
0,287,47,20,4
0,287,48,20,4
0,287,49,20,4
0,287,50,20,4
0,287,51,20,4
0,287,52,20,4
0,287,53,20,4
0,287,54,20,4
0,287,55,20,4
0,287,56,20,4
0,288,41,20,4
0,288,42,20,4
0,288,43,20,4
0,288,44,20,4
0,288,45,20,4
0,288,46,20,4
0,288,47,20,4
0,288,48,20,4
0,288,49,20,4
0,288,50,20,4
0,288,51,20,4
0,288,52,20,4
0,288,53,20,4
0,288,54,20,4
0,288,55,20,4
0,288,56,20,4
0,289,41,20,4
0,289,42,20,4
0,289,43,20,4
0,289,44,20,4
0,289,45,20,4
0,289,46,20,4
0,289,47,20,4
0,289,48,20,4
0,289,49,20,4
0,289,50,20,4
0,289,51,20,4
0,289,52,20,4
0,289,53,20,4
0,289,54,20,4
0,289,55,20,4
0,289,56,20,4
0,290,41,20,4
0,290,42,20,4
0,290,43,20,4
0,290,44,20,4
0,290,45,20,4
0,290,46,20,4
0,290,47,20,4
0,290,48,20,4
0,290,49,20,4
0,290,50,20,4
0,290,51,20,4
0,290,52,20,4
0,290,53,20,4
0,290,54,20,4
0,290,55,20,4
0,290,56,20,4
0,291,41,20,4
0,291,42,20,4
0,291,43,20,4
0,291,44,20,4
0,291,45,20,4
0,291,46,20,4
0,291,47,20,4
0,291,48,20,4
0,291,49,20,4
0,291,50,20,4
0,291,51,20,4
0,291,52,20,4
0,291,53,20,4
0,291,54,20,4
0,291,55,20,4
0,291,56,20,4
0,292,41,20,4
0,292,42,20,4
0,292,43,20,4
0,292,44,20,4
0,292,45,20,4
0,292,46,20,4
0,292,47,20,4
0,292,48,20,4
0,292,49,20,4
0,292,50,20,4
0,292,51,20,4
0,292,52,20,4
0,292,53,20,4
0,292,54,20,4
0,292,55,20,4
0,292,56,20,4
0,293,41,20,4
0,293,42,20,4
0,293,43,20,4
0,293,44,20,4
0,293,45,20,4
0,293,46,20,4
0,293,47,20,4
0,293,48,20,4
0,293,49,20,4
0,293,50,20,4
0,293,51,20,4
0,293,52,20,4
0,293,53,20,4
0,293,54,20,4
0,293,55,20,4
0,293,56,20,4
0,294,41,20,4
0,294,42,20,4
0,294,43,20,4
0,294,44,20,4
0,294,45,20,4
0,294,46,20,4
0,294,47,20,4
0,294,48,20,4
0,294,49,20,4
0,294,50,20,4
0,294,51,20,4
0,294,52,20,4
0,294,53,20,4
0,294,54,20,4
0,294,55,20,4
0,294,56,20,4
0,295,41,20,4
0,295,42,20,4
0,295,43,20,4
0,295,44,20,4
0,295,45,20,4
0,295,46,20,4
0,295,47,20,4
0,295,48,20,4
0,295,49,20,4
0,295,50,20,4
0,295,51,20,4
0,295,52,20,4
0,295,53,20,4
0,295,54,20,4
0,295,55,20,4
0,295,56,20,4
0,296,41,20,4
0,296,42,20,4
0,296,43,20,4
0,296,44,20,4
0,296,45,20,4
0,296,46,20,4
0,296,47,20,4
0,296,48,20,4
0,296,49,20,4
0,296,50,20,4
0,296,51,20,4
0,296,52,20,4
0,296,53,20,4
0,296,54,20,4
0,296,55,20,4
0,296,56,20,4
0,297,41,20,4
0,297,42,20,4
0,297,43,20,4
0,297,44,20,4
0,297,45,20,4
0,297,46,20,4
0,297,47,20,4
0,297,48,20,4
0,297,49,20,4
0,297,50,20,4
0,297,51,20,4
0,297,52,20,4
0,297,53,20,4
0,297,54,20,4
0,297,55,20,4
0,297,56,20,4
0,298,41,20,4
0,298,42,20,4
0,298,43,20,4
0,298,44,20,4
0,298,45,20,4
0,298,46,20,4
0,298,47,20,4
0,298,48,20,4
0,298,49,20,4
0,298,50,20,4
0,298,51,20,4
0,298,52,20,4
0,298,53,20,4
0,298,54,20,4
0,298,55,20,4
0,298,56,20,4
0,299,41,20,4
0,299,42,20,4
0,299,43,20,4
0,299,44,20,4
0,299,45,20,4
0,299,46,20,4
0,299,47,20,4
0,299,48,20,4
0,299,49,20,4
0,299,50,20,4
0,299,51,20,4
0,299,52,20,4
0,299,53,20,4
0,299,54,20,4
0,299,55,20,4
0,299,56,20,4
0,300,41,20,4
0,300,42,20,4
0,300,43,20,4
0,300,44,20,4
0,300,45,20,4
0,300,46,20,4
0,300,47,20,4
0,300,48,20,4
0,300,49,20,4
0,300,50,20,4
0,300,51,20,4
0,300,52,20,4
0,300,53,20,4
0,300,54,20,4
0,300,55,20,4
0,300,56,20,4
0,301,41,20,4
0,301,42,20,4
0,301,43,20,4
0,301,44,20,4
0,301,45,20,4
0,301,46,20,4
0,301,47,20,4
0,301,48,20,4
0,301,49,20,4
0,301,50,20,4
0,301,51,20,4
0,301,52,20,4
0,301,53,20,4
0,301,54,20,4
0,301,55,20,4
0,301,56,20,4
0,302,41,20,4
0,302,42,20,4
0,302,43,20,4
0,302,44,20,4
0,302,45,20,4
0,302,46,20,4
0,302,47,20,4
0,302,48,20,4
0,302,49,20,4
0,302,50,20,4
0,302,51,20,4
0,302,52,20,4
0,302,53,20,4
0,302,54,20,4
0,302,55,20,4
0,302,56,20,4
0,303,41,20,4
0,303,42,20,4
0,303,43,20,4
0,303,44,20,4
0,303,45,20,4
0,303,46,20,4
0,303,47,20,4
0,303,48,20,4
0,303,49,20,4
0,303,50,20,4
0,303,51,20,4
0,303,52,20,4
0,303,53,20,4
0,303,54,20,4
0,303,55,20,4
0,303,56,20,4
0,304,41,20,4
0,304,42,20,4
0,304,43,20,4
0,304,44,20,4
0,304,45,20,4
0,304,46,20,4
0,304,47,20,4
0,304,48,20,4
0,304,49,20,4
0,304,50,20,4
0,304,51,20,4
0,304,52,20,4
0,304,53,20,4
0,304,54,20,4
0,304,55,20,4
0,304,56,20,4
0,305,41,20,4
0,305,42,20,4
0,305,43,20,4
0,305,44,20,4
0,305,45,20,4
0,305,46,20,4
0,305,47,20,4
0,305,48,20,4
0,305,49,20,4
0,305,50,20,4
0,305,51,20,4
0,305,52,20,4
0,305,53,20,4
0,305,54,20,4
0,305,55,20,4
0,305,56,20,4
0,113,41,20,4
0,113,42,20,4
0,113,43,20,4
0,113,44,20,4
0,113,45,20,4
0,113,46,20,4
0,113,47,20,4
0,113,48,20,4
0,113,49,20,4
0,113,50,20,4
0,113,51,20,4
0,113,52,20,4
0,113,53,20,4
0,113,54,20,4
0,113,55,20,4
0,113,56,20,4
0,114,41,20,4
0,114,42,20,4
0,114,43,20,4
0,114,44,20,4
0,114,45,20,4
0,114,46,20,4
0,114,47,20,4
0,114,48,20,4
0,114,49,20,4
0,114,50,20,4
0,114,51,20,4
0,114,52,20,4
0,114,53,20,4
0,114,54,20,4
0,114,55,20,4
0,114,56,20,4
0,115,41,20,4
0,115,42,20,4
0,115,43,20,4
0,115,44,20,4
0,115,45,20,4
0,115,46,20,4
0,115,47,20,4
0,115,48,20,4
0,115,49,20,4
0,115,50,20,4
0,115,51,20,4
0,115,52,20,4
0,115,53,20,4
0,115,54,20,4
0,115,55,20,4
0,115,56,20,4
0,116,41,20,4
0,116,42,20,4
0,116,43,20,4
0,116,44,20,4
0,116,45,20,4
0,116,46,20,4
0,116,47,20,4
0,116,48,20,4
0,116,49,20,4
0,116,50,20,4
0,116,51,20,4
0,116,52,20,4
0,116,53,20,4
0,116,54,20,4
0,116,55,20,4
0,116,56,20,4
0,117,41,20,4
0,117,42,20,4
0,117,43,20,4
0,117,44,20,4
0,117,45,20,4
0,117,46,20,4
0,117,47,20,4
0,117,48,20,4
0,117,49,20,4
0,117,50,20,4
0,117,51,20,4
0,117,52,20,4
0,117,53,20,4
0,117,54,20,4
0,117,55,20,4
0,117,56,20,4
0,306,41,20,4
0,306,42,20,4
0,306,43,20,4
0,306,44,20,4
0,306,45,20,4
0,306,46,20,4
0,306,47,20,4
0,306,48,20,4
0,306,49,20,4
0,306,50,20,4
0,306,51,20,4
0,306,52,20,4
0,306,53,20,4
0,306,54,20,4
0,306,55,20,4
0,306,56,20,4
0,307,41,20,4
0,307,42,20,4
0,307,43,20,4
0,307,44,20,4
0,307,45,20,4
0,307,46,20,4
0,307,47,20,4
0,307,48,20,4
0,307,49,20,4
0,307,50,20,4
0,307,51,20,4
0,307,52,20,4
0,307,53,20,4
0,307,54,20,4
0,307,55,20,4
0,307,56,20,4
0,308,41,20,4
0,308,42,20,4
0,308,43,20,4
0,308,44,20,4
0,308,45,20,4
0,308,46,20,4
0,308,47,20,4
0,308,48,20,4
0,308,49,20,4
0,308,50,20,4
0,308,51,20,4
0,308,52,20,4
0,308,53,20,4
0,308,54,20,4
0,308,55,20,4
0,308,56,20,4
0,309,41,20,4
0,309,42,20,4
0,309,43,20,4
0,309,44,20,4
0,309,45,20,4
0,309,46,20,4
0,309,47,20,4
0,309,48,20,4
0,309,49,20,4
0,309,50,20,4
0,309,51,20,4
0,309,52,20,4
0,309,53,20,4
0,309,54,20,4
0,309,55,20,4
0,309,56,20,4
0,310,41,20,4
0,310,42,20,4
0,310,43,20,4
0,310,44,20,4
0,310,45,20,4
0,310,46,20,4
0,310,47,20,4
0,310,48,20,4
0,310,49,20,4
0,310,50,20,4
0,310,51,20,4
0,310,52,20,4
0,310,53,20,4
0,310,54,20,4
0,310,55,20,4
0,310,56,20,4
0,311,41,20,4
0,311,42,20,4
0,311,43,20,4
0,311,44,20,4
0,311,45,20,4
0,311,46,20,4
0,311,47,20,4
0,311,48,20,4
0,311,49,20,4
0,311,50,20,4
0,311,51,20,4
0,311,52,20,4
0,311,53,20,4
0,311,54,20,4
0,311,55,20,4
0,311,56,20,4
0,312,41,20,4
0,312,42,20,4
0,312,43,20,4
0,312,44,20,4
0,312,45,20,4
0,312,46,20,4
0,312,47,20,4
0,312,48,20,4
0,312,49,20,4
0,312,50,20,4
0,312,51,20,4
0,312,52,20,4
0,312,53,20,4
0,312,54,20,4
0,312,55,20,4
0,312,56,20,4
0,313,41,20,4
0,313,42,20,4
0,313,43,20,4
0,313,44,20,4
0,313,45,20,4
0,313,46,20,4
0,313,47,20,4
0,313,48,20,4
0,313,49,20,4
0,313,50,20,4
0,313,51,20,4
0,313,52,20,4
0,313,53,20,4
0,313,54,20,4
0,313,55,20,4
0,313,56,20,4
0,314,41,20,4
0,314,42,20,4
0,314,43,20,4
0,314,44,20,4
0,314,45,20,4
0,314,46,20,4
0,314,47,20,4
0,314,48,20,4
0,314,49,20,4
0,314,50,20,4
0,314,51,20,4
0,314,52,20,4
0,314,53,20,4
0,314,54,20,4
0,314,55,20,4
0,314,56,20,4
0,315,41,20,4
0,315,42,20,4
0,315,43,20,4
0,315,44,20,4
0,315,45,20,4
0,315,46,20,4
0,315,47,20,4
0,315,48,20,4
0,315,49,20,4
0,315,50,20,4
0,315,51,20,4
0,315,52,20,4
0,315,53,20,4
0,315,54,20,4
0,315,55,20,4
0,315,56,20,4
0,316,41,20,4
0,316,42,20,4
0,316,43,20,4
0,316,44,20,4
0,316,45,20,4
0,316,46,20,4
0,316,47,20,4
0,316,48,20,4
0,316,49,20,4
0,316,50,20,4
0,316,51,20,4
0,316,52,20,4
0,316,53,20,4
0,316,54,20,4
0,316,55,20,4
0,316,56,20,4
0,317,41,20,4
0,317,42,20,4
0,317,43,20,4
0,317,44,20,4
0,317,45,20,4
0,317,46,20,4
0,317,47,20,4
0,317,48,20,4
0,317,49,20,4
0,317,50,20,4
0,317,51,20,4
0,317,52,20,4
0,317,53,20,4
0,317,54,20,4
0,317,55,20,4
0,317,56,20,4
0,318,41,20,4
0,318,42,20,4
0,318,43,20,4
0,318,44,20,4
0,318,45,20,4
0,318,46,20,4
0,318,47,20,4
0,318,48,20,4
0,318,49,20,4
0,318,50,20,4
0,318,51,20,4
0,318,52,20,4
0,318,53,20,4
0,318,54,20,4
0,318,55,20,4
0,318,56,20,4
